primary_mood,primary_mood_weight,secondary_mood,secondary_mood_weight,introspection,temper,attitude,sensitivity,News_ID
serenity,0.8545,,,0.0,0.282,0.0,0.0,N55528
grief,0.7757999999999999,loathing,0.1167,-0.9159999999999999,0.0,-0.6984999999999999,0.0,N19639
grief,0.43939999999999996,terror,0.42729999999999996,-0.805,-0.5465,-0.76,-0.8009999999999999,N61837
sadness,0.6545000000000001,,,-0.546,0.0,0.0,0.0,N53526
loathing,0.40909999999999996,grief,0.3576,-0.778,0.0,-0.795,-0.469,N38324
pleasantness,0.8787999999999999,,,0.0,0.0,0.62,0.0,N2073
ecstasy,0.6894,delight,0.3439,0.8875,0.0,0.7735,0.0,N49186
grief,0.9848,rage,0.9758,-0.985,-0.982,-0.785,-0.8118000000000001,N59295
ecstasy,0.6545000000000001,delight,0.3682,0.8759999999999999,0.0,0.7815000000000001,0.0,N24510
enthusiasm,0.3394,,,0.998,0.17600000000000002,0.0,0.772,N39237
enthusiasm,0.8303,ecstasy,0.7955,0.9225,0.0,0.7709999999999999,0.934,N9721
terror,0.9667,grief,0.8409,-0.9375,0.0,-0.012,-0.9790000000000001,N60905
sadness,0.6606000000000001,disgust,0.4182,-0.5479999999999999,0.0,-0.46799999999999997,0.0,N39758
ecstasy,0.6409,bliss,0.4485,0.8715,0.8079999999999999,0.794,0.659,N28361
ecstasy,0.7,enthusiasm,0.2636,0.8909999999999999,0.305,0.084,0.747,N18680
ecstasy,0.7227,delight,0.4485,0.8985,0.0,0.8079999999999999,0.779,N55610
grief,0.9909,loathing,0.2606,-0.987,-0.642,-0.746,-0.41700000000000004,N35621
bliss,0.9576,ecstasy,0.7273000000000001,0.9,0.976,0.7935,0.0,N22850
,,,,,,,,N58173
joy,0.6212,eagerness,0.5727,0.535,0.0,0.147,0.519,N29120
disgust,0.7848,anger,0.7606,0.0,-0.581,-0.589,0.0,N9786
disgust,0.9515,fear,0.5333,-0.4915,0.0,-0.644,-0.506,N47705
annoyance,0.997,dislike,0.7879,0.0,-0.32899999999999996,-0.26,0.0,N3574
dislike,0.7061,,,0.0,0.0,-0.233,0.0,N42474
ecstasy,0.7121,enthusiasm,0.2667,0.895,0.0,0.0,0.748,N64498
,,,,,,,,N7517
delight,0.9879000000000001,ecstasy,0.0545,0.6779999999999999,0.366,0.986,0.0,N63665
serenity,0.7454999999999999,acceptance,0.3667,0.0,0.24600000000000002,0.121,0.0,N59469
ecstasy,0.6303,delight,0.4818,0.868,0.0,0.8190000000000001,0.0,N57356
ecstasy,0.9394,enthusiasm,0.1379,0.97,0.0,0.659,0.7055,N15926
terror,0.9939,grief,0.5879,-0.8540000000000001,0.0,-0.5705,-0.988,N43620
delight,0.7379000000000001,ecstasy,0.36060000000000003,0.779,0.0,0.9035,0.0,N60603
ecstasy,0.7242000000000001,enthusiasm,0.7152,0.899,0.0,0.8079999999999999,0.8959999999999999,N40078
loathing,0.8061,,,-0.992,-0.7859999999999999,-0.9259999999999999,0.0,N61409
ecstasy,0.19699999999999998,acceptance,0.8136,0.725,0.0,0.2685,0.0,N46013
dislike,0.8636,,,0.0,0.0,-0.285,0.0,N50643
grief,0.6636,disgust,0.8303,-0.879,-0.529,-0.604,-0.266,N60723
ecstasy,0.7985,enthusiasm,0.6455,0.9235,0.87,0.777,0.873,N63175
loathing,0.2818,sadness,0.6121,-0.532,0.0,-0.753,-0.155,N22028
anger,0.8029999999999999,disgust,0.7394,0.0,-0.595,-0.574,-0.465,N8795
ecstasy,0.7173999999999999,enthusiasm,0.17579999999999998,0.8968,0.225,0.45990000000000003,0.718,N43647
,,,,,,,,N41835
ecstasy,0.7515000000000001,enthusiasm,0.7364,0.9079999999999999,0.39049999999999996,0.7276,0.903,N8071
grief,0.9606,loathing,0.2727,-0.977,0.0,-0.75,-0.659,N26926
joy,0.7515000000000001,calmness,0.6121,0.578,0.532,0.4535,0.0,N49265
loathing,0.9939,rage,0.7182,0.0,-0.897,-0.988,0.0,N5124
ecstasy,0.7454999999999999,delight,0.43479999999999996,0.9059999999999999,0.0,0.8035,0.0,N42777
delight,0.7212000000000001,calmness,0.7787999999999999,0.0,0.5870000000000001,0.898,0.0,N41387
anger,0.8621,dislike,0.9788,0.0,-0.6145,-0.32299999999999995,0.0,N41106
pleasantness,0.997,,,0.0,0.0,0.659,0.0,N37243
contentment,0.8364,acceptance,0.2758,0.276,0.0,0.091,0.0,N20139
ecstasy,0.9727,enthusiasm,0.8894,0.981,0.212,0.7872,0.9534999999999999,N9680
ecstasy,0.6697,eagerness,0.33640000000000003,0.8809999999999999,0.0,0.0,0.441,N35518
enthusiasm,0.7364,pleasantness,0.9727,0.504,0.0,0.6509999999999999,0.903,N60434
enthusiasm,0.9,ecstasy,0.5061,0.8270000000000001,0.0,0.7759999999999999,0.9570000000000001,N48239
ecstasy,0.7015,delight,0.3803,0.8915000000000001,0.0,0.7855,0.0,N40045
terror,0.4182,,,0.0,0.0,-0.9990000000000001,-0.7979999999999999,N43946
delight,0.5318,ecstasy,0.1591,0.7125,0.0,0.8355,0.0,N10836
sadness,0.8939,,,-0.625,0.0,0.0,0.0,N49585
grief,0.8273,anger,0.853,-0.9329999999999999,-0.6114999999999999,0.0,-0.504,N24798
,,,,,,,,N64668
rage,0.7182,fear,0.9818000000000001,0.0,-0.897,-0.126,-0.654,N27435
terror,0.6455,loathing,0.3455,0.0,0.0,-0.774,-0.873,N3395
enthusiasm,0.7333,ecstasy,0.7242000000000001,0.899,0.28300000000000003,0.8079999999999999,0.902,N53133
ecstasy,0.8894,delight,0.49090000000000006,0.9534999999999999,0.0,0.8220000000000001,0.82,N30702
anger,0.9258,sadness,0.7848,-0.589,-0.6355,0.0,-0.45799999999999996,N14538
rage,0.5939,grief,0.5061,-0.8270000000000001,-0.856,0.0,0.0,N37188
,,,,0.996,0.0,0.0,0.0,N1032
delight,0.447,serenity,0.6606000000000001,0.0,0.218,0.8075,0.0,N30953
ecstasy,0.603,bliss,0.4576,0.8590000000000001,0.8109999999999999,0.659,0.0,N10886
ecstasy,0.8061,pleasantness,0.9826,0.9259999999999999,0.0,0.6543000000000001,0.0,N52386
ecstasy,0.6576000000000001,bliss,0.6242,0.877,0.866,0.0,0.0,N22218
ecstasy,0.5394,delight,0.21359999999999998,0.838,0.0,0.7304999999999999,0.659,N57388
ecstasy,0.8061,delight,0.5697,0.9259999999999999,0.0,0.848,0.758,N30389
ecstasy,0.5697,delight,0.2879,0.848,0.0,0.755,0.0,N16104
ecstasy,0.9727,enthusiasm,0.9061,0.981,0.17600000000000002,0.77,0.9590000000000001,N25540
rage,0.7,grief,0.4485,-0.8079999999999999,-0.8909999999999999,0.0,-0.17300000000000001,N51343
enthusiasm,0.4818,joy,0.3652,0.45049999999999996,0.254,0.3344,0.8190000000000001,N60774
grief,0.9333,disgust,0.9902,-0.968,-0.384,-0.6568,0.0,N37129
grief,0.703,loathing,0.49700000000000005,-0.892,0.0,-0.8240000000000001,0.0,N64723
enthusiasm,0.8909,contentment,0.997,0.32899999999999996,0.0,0.0,0.9540000000000001,N3080
ecstasy,0.7515000000000001,delight,0.628,0.9079999999999999,0.0,0.8673000000000001,0.0,N40494
delight,0.7212000000000001,eagerness,0.503,0.0,0.0,0.898,0.496,N15839
enthusiasm,0.8242,delight,0.43329999999999996,0.578,0.0,0.8029999999999999,0.932,N19163
ecstasy,0.5061,,,0.8270000000000001,0.0,0.997,0.0,N13343
anxiety,0.7212000000000001,,,-0.9940000000000001,0.0,-0.128,-0.23800000000000002,N60852
contentment,0.5667,acceptance,0.3909,0.187,0.0,0.129,0.0,N61864
grief,0.6091,rage,0.4424,-0.861,-0.8059999999999999,0.0,0.0,N36064
ecstasy,0.8818,enthusiasm,0.6356,0.951,0.252,0.449,0.8698,N35788
,,,,,,,,N61167
grief,0.6068,loathing,0.4667,-0.8603000000000001,0.0,-0.8140000000000001,0.0,N27190
ecstasy,0.603,pleasantness,0.3788,0.8590000000000001,0.0,0.455,0.0,N9035
ecstasy,0.7394,delight,0.1,0.904,0.0,0.693,0.0,N19651
serenity,0.5697,acceptance,0.49700000000000005,0.0,0.188,0.16399999999999998,0.0,N22957
loathing,0.3667,sadness,0.7045,-0.5625,-0.107,-0.7809999999999999,0.0,N63006
terror,0.5576,loathing,0.003,0.0,0.0,-0.6609999999999999,-0.8440000000000001,N5159
annoyance,0.8909,anxiety,0.8303,0.0,-0.294,0.0,-0.27399999999999997,N47685
grief,0.7318000000000001,loathing,0.3515,-0.9015000000000001,-0.424,-0.7759999999999999,-0.504,N44720
grief,0.5818,loathing,0.5121,-0.852,-0.7609999999999999,-0.8290000000000001,0.0,N55024
enthusiasm,0.6136,ecstasy,0.1591,0.7125,0.32299999999999995,0.396,0.8625,N44162
delight,0.7273000000000001,ecstasy,0.7242000000000001,0.899,0.0,0.9,0.0,N52683
eagerness,0.8484999999999999,pleasantness,0.2636,0.239,0.0,0.41700000000000004,0.61,N8185
grief,0.8076000000000001,disgust,0.9152,-0.9265000000000001,0.0,-0.632,0.0,N1358
pleasantness,0.997,,,0.0,0.0,0.659,0.0,N39817
grief,0.5636,fear,0.2515,-0.846,0.0,0.0,-0.413,N54799
delight,0.7454999999999999,serenity,0.8545,0.0,0.282,0.9059999999999999,0.0,N34169
ecstasy,0.6212,delight,0.3273,0.865,0.0,0.768,0.0,N33303
enthusiasm,0.7364,ecstasy,0.6636,0.879,0.282,0.835,0.903,N51340
grief,0.8348,,,-0.9355,-0.9990000000000001,-0.8,0.0,N46021
ecstasy,0.153,eagerness,0.897,0.7105,0.483,0.0,0.626,N13855
sadness,0.7152,fear,0.3394,-0.5660000000000001,0.0,0.0,-0.442,N16556
delight,0.1924,joy,0.7364,0.573,0.0,0.7234999999999999,0.40399999999999997,N22679
serenity,0.997,,,0.0,0.32899999999999996,0.0,0.0,N24423
,,,,,,,,N20084
pleasantness,0.997,,,0.0,0.0,0.659,0.0,N18393
delight,0.33640000000000003,,,0.9940000000000001,0.294,0.7709999999999999,0.0,N7141
ecstasy,0.5636,delight,0.16820000000000002,0.846,0.258,0.7155,0.0,N11663
ecstasy,0.7515000000000001,delight,0.2667,0.9079999999999999,0.0,0.748,0.0,N55435
pleasantness,0.7091,calmness,0.0348,0.0,0.34149999999999997,0.564,0.0,N39173
ecstasy,0.6424,delight,0.39390000000000003,0.872,0.0,0.79,0.0,N33874
sadness,0.703,,,-0.562,0.0,0.0,0.0,N44661
grief,0.5242,loathing,0.38939999999999997,-0.833,0.0,-0.7885,0.0,N41976
sadness,0.7561,dislike,0.44549999999999995,-0.5795,0.0,-0.147,0.0,N36820
delight,0.3136,,,0.0,0.0,0.7635,0.0,N54727
ecstasy,0.7818,delight,0.6098,0.9179999999999999,0.0,0.8613,0.0,N11683
terror,0.6606000000000001,sadness,0.8787999999999999,-0.62,0.0,-0.6065,-0.878,N19401
melancholy,0.8303,annoyance,0.6424,-0.27399999999999997,-0.212,-0.128,0.0,N31442
enthusiasm,0.8136,delight,0.2515,0.0,0.0,0.743,0.9285,N47214
ecstasy,0.7242000000000001,delight,0.4485,0.899,0.0,0.8079999999999999,0.0,N31402
pleasantness,0.997,,,0.0,0.0,0.659,0.659,N61358
ecstasy,0.5697,pleasantness,0.297,0.848,0.306,0.428,0.0,N48632
grief,0.9848,terror,0.3394,-0.985,0.0,-0.322,-0.772,N57699
ecstasy,0.7318000000000001,enthusiasm,0.2697,0.9015000000000001,0.188,0.4073,0.7490000000000001,N27214
enthusiasm,0.6970000000000001,delight,0.2788,0.29,0.0,0.752,0.89,N25174
fear,0.4152,melancholy,0.0652,-0.0215,0.0,0.0,-0.467,N51426
ecstasy,0.7242000000000001,pleasantness,0.7227,0.899,0.0,0.5685,0.0,N41013
enthusiasm,0.6667000000000001,ecstasy,0.6045,0.8595,0.0,0.787,0.88,N19888
joy,0.997,,,0.659,0.0,0.659,0.0,N45191
ecstasy,0.7242000000000001,pleasantness,0.42729999999999996,0.899,0.32299999999999995,0.47100000000000003,0.0,N60535
grief,0.8212,loathing,0.37579999999999997,-0.9309999999999999,0.0,-0.784,0.0,N47600
grief,0.997,disgust,0.34850000000000003,-0.9890000000000001,0.0,-0.445,0.0,N35318
sadness,0.9545,,,-0.645,0.0,0.0,0.0,N11360
pleasantness,0.6576000000000001,joy,0.33030000000000004,0.439,0.0,0.547,0.0,N13566
ecstasy,0.7045,delight,0.3318,0.8925,0.0,0.7695000000000001,0.0,N24417
grief,0.6939,loathing,0.5697,-0.889,-0.457,-0.848,-0.504,N59891
ecstasy,0.6636,enthusiasm,0.6235,0.879,0.83,0.772,0.8658,N30236
terror,0.8318000000000001,disgust,0.4167,-0.4475,0.0,-0.4675,-0.9345,N64593
loathing,0.5136,terror,0.5,0.0,0.0,-0.8295,-0.825,N45970
ecstasy,0.6697,delight,0.1955,0.8809999999999999,0.0,0.7245,0.659,N54542
pleasantness,0.5758,serenity,0.7091,0.0,0.23399999999999999,0.52,0.0,N30290
ecstasy,0.6667000000000001,serenity,0.8120999999999999,0.88,0.268,0.0,0.0,N51844
bliss,0.7726999999999999,ecstasy,0.7,0.8909999999999999,0.915,0.787,0.0,N7992
enthusiasm,0.8303,delight,0.39390000000000003,0.317,0.14300000000000002,0.79,0.934,N49374
pleasantness,0.17579999999999998,contentment,0.997,0.32899999999999996,0.222,0.38799999999999996,0.0,N14176
enthusiasm,0.7576,,,0.0,0.0,0.0,0.91,N60584
enthusiasm,0.7576,,,0.0,0.0,0.0,0.91,N10
responsiveness,0.997,,,0.0,0.0,0.0,0.32899999999999996,N46830
anger,0.8576,dislike,0.7879,0.0,-0.613,-0.26,0.0,N41147
,,,,0.0,0.0,0.9990000000000001,0.0,N61914
enthusiasm,0.8726999999999999,ecstasy,0.8606,0.9440000000000001,0.8079999999999999,0.7003,0.948,N21253
enthusiasm,0.9484999999999999,ecstasy,0.8106,0.9275,0.0,0.8228,0.973,N24905
sadness,0.6045,fear,0.3909,-0.5295000000000001,-0.126,-0.19399999999999998,-0.45899999999999996,N65207
grief,0.8848,,,-0.9520000000000001,0.0,0.0,0.0,N16430
ecstasy,0.8939,bliss,0.4485,0.955,0.8079999999999999,0.7062999999999999,0.767,N35616
,,,,,,,,N23386
ecstasy,0.0326,pleasantness,0.8787999999999999,0.6707,0.0,0.62,0.251,N43484
ecstasy,0.8773000000000001,delight,0.33640000000000003,0.9495,0.0,0.7709999999999999,0.0,N59794
grief,0.8151999999999999,loathing,0.37579999999999997,-0.929,0.0,-0.784,0.0,N15483
ecstasy,0.7242000000000001,delight,0.4485,0.899,0.0,0.8079999999999999,0.0,N62736
ecstasy,0.1144,delight,0.0371,0.6978,0.0,0.6722,0.0,N35080
dislike,0.5848,annoyance,0.5697,0.0,-0.188,-0.193,0.0,N19146
enthusiasm,0.5121,pleasantness,0.9841,0.0,0.23199999999999998,0.6547,0.8290000000000001,N17041
sadness,0.6909000000000001,fear,0.6288,-0.5579999999999999,-0.46399999999999997,0.0,-0.5375,N48072
sadness,0.9545,dislike,0.997,-0.645,0.0,-0.32899999999999996,0.0,N18287
ecstasy,0.6968000000000001,enthusiasm,0.39390000000000003,0.8898999999999999,0.3035,0.7112,0.79,N41146
disgust,0.997,sadness,0.9545,-0.645,0.0,-0.659,0.0,N31161
delight,0.6455,serenity,0.8545,0.0,0.282,0.873,0.0,N37461
ecstasy,0.6970000000000001,enthusiasm,0.5606,0.89,0.8420000000000001,0.7609999999999999,0.845,N39490
ecstasy,0.5864,delight,0.3273,0.8534999999999999,0.0,0.768,0.7490000000000001,N8691
ecstasy,0.6333,delight,0.4667,0.8690000000000001,0.0,0.8140000000000001,0.0,N26444
grief,0.7803,disgust,0.9284,-0.9175,-0.451,-0.6364,0.0,N30868
sadness,0.7636,,,-0.5820000000000001,0.0,0.0,0.0,N56406
grief,0.5053,loathing,0.2848,-0.8268000000000001,-0.502,-0.754,0.0,N56618
fear,0.997,dislike,0.75,0.0,0.0,-0.2475,-0.659,N5373
grief,0.797,loathing,0.3212,-0.9229999999999999,-0.424,-0.7659999999999999,-0.504,N36464
grief,0.5515,disgust,0.3818,-0.8420000000000001,0.0,-0.456,0.0,N38308
ecstasy,0.5,delight,0.303,0.825,0.0,0.76,0.0,N12440
ecstasy,0.5939,delight,0.3121,0.856,0.0,0.763,0.0,N2540
enthusiasm,0.6333,delight,0.44549999999999995,0.0,0.0,0.807,0.8690000000000001,N42716
enthusiasm,0.6848000000000001,ecstasy,0.6636,0.879,0.0,0.768,0.8859999999999999,N39638
grief,0.6758,loathing,0.2576,-0.883,0.0,-0.745,-0.402,N24900
enthusiasm,0.9439,ecstasy,0.8833,0.9515,0.5015,0.48200000000000004,0.9715,N9947
loathing,0.3152,rage,0.2742,-0.575,-0.7505,-0.764,-0.6405,N25567
ecstasy,0.7182,delight,0.0106,0.897,0.45,0.6635,0.0,N25205
ecstasy,0.7955,bliss,0.2636,0.9225,0.747,0.0,0.0,N61681
grief,0.9606,anxiety,0.6697,-0.977,0.0,0.0,-0.221,N59709
ecstasy,0.7121,bliss,0.4788,0.895,0.818,0.0,0.7865000000000001,N57930
ecstasy,0.5152,delight,0.4152,0.83,0.0,0.797,0.0,N9013
enthusiasm,0.3212,joy,0.47950000000000004,0.48829999999999996,0.3178,0.3094,0.7659999999999999,N15651
anxiety,0.8120999999999999,,,0.0,0.0,0.0,-0.268,N63682
contentment,0.6303,serenity,0.3667,0.20800000000000002,0.121,0.0,0.0,N51784
ecstasy,0.7636,bliss,0.6758,0.912,0.883,0.5075,0.7929999999999999,N41869
grief,0.9606,anxiety,0.6697,-0.977,0.0,0.0,-0.221,N13882
ecstasy,0.6167,delight,0.4788,0.8634999999999999,0.499,0.818,0.0,N6258
anger,0.6152000000000001,disgust,0.11359999999999999,0.0,-0.5329999999999999,-0.3675,0.0,N27641
loathing,0.2576,fear,0.997,-0.589,0.0,-0.745,-0.659,N50246
joy,0.7515000000000001,acceptance,0.2758,0.578,0.0,0.091,0.0,N60798
acceptance,0.8879,,,0.998,0.245,0.293,0.0,N37423
delight,0.5273,enthusiasm,0.5196999999999999,0.5589999999999999,0.0,0.8340000000000001,0.8315,N23937
eagerness,0.997,pleasantness,0.49700000000000005,0.0,0.0,0.494,0.659,N43734
loathing,0.9364,,,0.0,0.0,-0.9690000000000001,0.0,N11593
bliss,0.6758,joy,0.4045,0.4635,0.883,0.385,0.0,N27715
ecstasy,0.8576,delight,0.5045000000000001,0.943,0.0,0.8265,0.805,N23874
enthusiasm,0.7364,ecstasy,0.5697,0.848,0.0,0.813,0.903,N3565
loathing,0.5529999999999999,terror,0.32799999999999996,0.0,-0.738,-0.8425,-0.7683,N26766
ecstasy,0.6273,delight,0.3636,0.867,0.0,0.78,0.0,N61203
ecstasy,0.7636,enthusiasm,0.40299999999999997,0.912,0.0,0.0,0.7929999999999999,N1244
grief,0.7864,disgust,0.9818000000000001,-0.9195,-0.5175,-0.654,0.0,N9774
grief,0.9606,loathing,0.397,-0.977,-0.424,-0.7909999999999999,-0.504,N10538
pleasantness,0.5758,serenity,0.897,0.0,0.29600000000000004,0.52,0.0,N20833
delight,0.6333,ecstasy,0.603,0.8590000000000001,0.8109999999999999,0.8690000000000001,0.0,N5815
eagerness,0.997,,,0.998,0.22699999999999998,0.4645,0.659,N46851
ecstasy,0.8773000000000001,bliss,0.4485,0.9495,0.8079999999999999,0.0,0.0,N59874
ecstasy,0.7242000000000001,delight,0.4485,0.899,0.0,0.8079999999999999,0.0,N19513
ecstasy,0.7432,delight,0.5821999999999999,0.9053,0.6125,0.8521,0.659,N3649
enthusiasm,0.8726999999999999,,,0.655,0.0,0.992,0.948,N6632
ecstasy,0.8061,enthusiasm,0.3515,0.9259999999999999,0.0,0.46799999999999997,0.7759999999999999,N28561
ecstasy,0.8606,pleasantness,0.36210000000000003,0.9440000000000001,0.218,0.4495,0.0,N25024
ecstasy,0.7773,enthusiasm,0.4576,0.9165000000000001,0.0,0.46,0.8109999999999999,N41208
enthusiasm,0.8726999999999999,,,0.0,0.499,0.992,0.948,N61178
enthusiasm,0.8726999999999999,ecstasy,0.6394,0.871,0.0,0.794,0.948,N4015
ecstasy,0.8409,pleasantness,0.1867,0.9375,0.27449999999999997,0.39159999999999995,0.0,N4586
delight,0.9636,joy,0.897,0.626,0.0,0.978,0.0,N32515
delight,0.3,joy,0.6864,0.5565,0.0,0.759,0.0,N4147
ecstasy,0.9803000000000001,delight,0.6818000000000001,0.9834999999999999,0.0,0.885,0.8420000000000001,N58146
enthusiasm,0.9061,delight,0.3697,0.0,0.0,0.782,0.9590000000000001,N34122
grief,0.5,loathing,0.35450000000000004,-0.825,0.0,-0.777,0.0,N3528
ecstasy,0.9295,enthusiasm,0.42729999999999996,0.9668000000000001,0.742,0.7609999999999999,0.8009999999999999,N39809
ecstasy,0.7636,enthusiasm,0.5455,0.912,0.7925,0.8355,0.84,N1810
enthusiasm,0.1303,joy,0.8181999999999999,0.6,0.298,0.129,0.703,N14042
grief,0.9273,loathing,0.2909,-0.966,0.0,-0.7559999999999999,0.0,N12081
ecstasy,0.9348000000000001,delight,0.4061,0.9684999999999999,0.0,0.794,0.0,N58073
ecstasy,0.9909,enthusiasm,0.6303,0.987,0.0,0.821,0.868,N27287
enthusiasm,0.9120999999999999,ecstasy,0.5606,0.845,0.22399999999999998,0.6265,0.961,N48549
rage,0.0727,disgust,0.1545,0.0,-0.684,-0.381,0.0,N52529
ecstasy,0.7242000000000001,delight,0.4485,0.899,0.0,0.8079999999999999,0.0,N16077
melancholy,0.997,,,-0.32899999999999996,0.0,0.0,0.0,N27063
grief,0.5121,fear,0.9606,-0.8290000000000001,0.0,-0.4473,-0.647,N13305
ecstasy,0.7681999999999999,delight,0.4167,0.9135,0.0,0.7975,0.0,N7348
loathing,0.2818,sadness,0.8303,-0.604,0.0,-0.753,-0.4918,N49134
joy,0.7606,serenity,0.6606000000000001,0.581,0.218,0.1255,0.0,N34722
grief,0.9152,anxiety,0.9423999999999999,-0.9620000000000001,0.0,-0.268,-0.311,N5599
ecstasy,0.5394,delight,0.4303,0.838,0.0,0.802,0.0,N49830
ecstasy,0.5061,pleasantness,0.3712,0.8270000000000001,0.32299999999999995,0.4525,0.0,N36911
ecstasy,0.6984999999999999,enthusiasm,0.3508,0.8905,0.0,0.7384999999999999,0.7757999999999999,N27394
ecstasy,0.5972999999999999,delight,0.45,0.8571,0.7334999999999999,0.8085,0.0,N65217
ecstasy,0.7371,delight,0.32420000000000004,0.9033,0.0,0.767,0.0,N49369
delight,0.747,bliss,0.6758,0.8565,0.883,0.9065000000000001,0.0,N64413
ecstasy,0.7242000000000001,enthusiasm,0.703,0.899,0.0,0.7905,0.892,N37414
anxiety,0.997,,,0.0,0.0,0.0,-0.32899999999999996,N27137
ecstasy,0.9545,enthusiasm,0.5061,0.975,0.0,0.703,0.8270000000000001,N34406
ecstasy,0.8379000000000001,delight,0.4318,0.9365000000000001,0.611,0.8025,0.0,N9
grief,0.8636,anger,0.7015,-0.945,-0.5615,-0.053,0.0,N15254
ecstasy,0.8553000000000001,delight,0.3508,0.9423,0.499,0.7757999999999999,0.0,N33161
contentment,0.997,,,0.32899999999999996,0.0,0.0,0.0,N55248
terror,0.0712,disgust,0.9939,-0.589,-0.561,-0.6579999999999999,-0.6835,N7771
ecstasy,0.6318,enthusiasm,0.2697,0.8684999999999999,0.0,0.748,0.7490000000000001,N30781
ecstasy,0.7242000000000001,pleasantness,0.35609999999999997,0.899,0.0,0.4475,0.325,N31552
ecstasy,0.8803,enthusiasm,0.5242,0.9505,0.302,0.63,0.833,N30344
ecstasy,0.797,delight,0.4576,0.9229999999999999,0.17600000000000002,0.8109999999999999,0.0,N19490
calmness,0.2545,,,0.0,0.414,0.0,0.0,N48774
ecstasy,0.9181999999999999,delight,0.42119999999999996,0.963,0.0,0.799,0.0,N39751
delight,0.903,enthusiasm,0.5727,0.0,0.0,0.958,0.8490000000000001,N17108
grief,0.5152,rage,0.3788,-0.83,-0.785,-0.7563,0.0,N28035
disgust,0.8667,,,0.0,0.0,-0.616,0.0,N49198
ecstasy,0.8879,delight,0.33640000000000003,0.953,0.257,0.7709999999999999,0.0,N28442
terror,0.8879,grief,0.8636,-0.945,0.0,0.014499999999999999,-0.953,N62084
dislike,0.7879,,,0.0,0.0,-0.26,0.0,N5754
,,,,,,,,N60941
ecstasy,0.7757999999999999,delight,0.2545,0.9159999999999999,0.0,0.7440000000000001,0.0,N19262
enthusiasm,0.8364,ecstasy,0.6803,0.8845000000000001,0.774,0.7825,0.9359999999999999,N20723
,,,,,,,,N35774
delight,0.5697,,,0.0,0.0,0.848,0.0,N43916
joy,0.7803,pleasantness,0.36210000000000003,0.5875,0.0,0.4495,0.0,N20513
ecstasy,0.7454999999999999,enthusiasm,0.49090000000000006,0.9059999999999999,0.23399999999999999,0.142,0.8220000000000001,N8798
ecstasy,0.9152,delight,0.42729999999999996,0.9620000000000001,0.0,0.8009999999999999,0.0,N10376
ecstasy,0.6923999999999999,delight,0.32420000000000004,0.8885,0.759,0.767,0.0,N24868
grief,0.7787999999999999,terror,0.17420000000000002,-0.917,0.0,0.0,-0.7175,N7951
ecstasy,0.9423999999999999,enthusiasm,0.5424,0.971,0.759,0.6246,0.8390000000000001,N60467
dislike,0.6273,,,0.0,0.0,-0.207,0.0,N58332
bliss,0.6788,joy,0.7924,0.5915,0.884,0.0,0.0,N18885
ecstasy,0.5,delight,0.303,0.825,0.0,0.76,0.0,N21041
grief,0.8576,disgust,0.9909,-0.943,0.0,-0.657,0.0,N16032
ecstasy,0.7515000000000001,enthusiasm,0.5848,0.9079999999999999,0.764,0.7509999999999999,0.853,N21936
pleasantness,0.2394,serenity,0.7394,0.0,0.244,0.409,0.0,N27822
pleasantness,0.997,,,0.0,0.0,0.659,0.0,N44133
ecstasy,0.65,pleasantness,0.8492000000000001,0.8745,0.168,0.6103000000000001,0.0,N61079
enthusiasm,0.7333,pleasantness,0.4545,0.303,0.0,0.48,0.902,N55625
anxiety,0.6970000000000001,,,0.0,0.0,0.0,-0.23,N46832
loathing,0.4697,sadness,0.8181999999999999,-0.6,0.0,-0.815,0.0,N44959
ecstasy,0.7182,enthusiasm,0.45909999999999995,0.897,0.0,0.0,0.8115000000000001,N17286
loathing,0.3061,sadness,0.7394,-0.574,-0.26899999999999996,-0.7609999999999999,0.0,N56461
pleasantness,0.5303,serenity,0.9152,0.0,0.302,0.505,0.0,N7362
terror,0.8273,loathing,0.24850000000000003,0.0,0.0,-0.742,-0.9329999999999999,N51425
ecstasy,0.6894,bliss,0.3061,0.8875,0.7609999999999999,0.0,0.0,N20743
grief,0.8803,loathing,0.4545,-0.9505,0.0,-0.81,0.0,N21383
sadness,0.703,annoyance,0.8758,-0.562,-0.289,-0.141,0.0,N30012
ecstasy,0.7515000000000001,enthusiasm,0.6848000000000001,0.9079999999999999,0.0,0.8029000000000001,0.8859999999999999,N38397
ecstasy,0.6727,enthusiasm,0.5606,0.882,0.0,0.7845,0.845,N33942
ecstasy,0.4039,enthusiasm,0.3788,0.7933,0.7829999999999999,0.6478,0.785,N56840
ecstasy,0.7757999999999999,delight,0.4485,0.9159999999999999,0.0,0.8079999999999999,0.0,N10122
ecstasy,0.7726999999999999,bliss,0.4697,0.915,0.815,0.802,0.799,N50158
enthusiasm,0.7484999999999999,ecstasy,0.5697,0.848,0.0,0.5635,0.907,N1586
pleasantness,0.4409,serenity,0.997,0.276,0.32899999999999996,0.4755,0.0,N32006
ecstasy,0.7924,delight,0.4485,0.9215000000000001,0.0,0.8079999999999999,0.754,N9900
melancholy,0.9152,,,-0.302,0.0,0.0,0.0,N46688
ecstasy,0.7576,delight,0.4485,0.91,0.0,0.8079999999999999,0.0,N6536
annoyance,0.8787999999999999,,,0.0,-0.29,0.0,0.0,N24153
terror,0.903,sadness,0.703,-0.562,0.0,0.0,-0.958,N3570
joy,1.0,,,0.66,0.0,0.0,0.0,N7182
delight,0.4182,ecstasy,0.2348,0.7375,0.266,0.7979999999999999,0.0,N50742
ecstasy,0.6761,enthusiasm,0.4697,0.8831,0.0,0.61,0.815,N25631
grief,0.8484999999999999,loathing,0.2727,-0.94,-0.595,-0.75,-0.465,N19028
ecstasy,0.4436,pleasantness,0.9431999999999999,0.8064,0.0,0.6413,0.0,N51601
ecstasy,0.7242000000000001,responsiveness,0.997,0.899,0.245,0.30329999999999996,0.32899999999999996,N38633
rage,0.6545000000000001,melancholy,0.1152,-0.038,-0.8759999999999999,-0.016,0.0,N11161
ecstasy,0.6818000000000001,delight,0.3576,0.885,0.556,0.778,0.0,N47866
grief,0.8909,loathing,0.42729999999999996,-0.9540000000000001,0.0,-0.8009999999999999,0.0,N45493
disgust,0.6727,,,0.0,0.0,-0.552,0.0,N32907
ecstasy,0.6545000000000001,enthusiasm,0.3909,0.8759999999999999,0.0,0.7204999999999999,0.789,N17602
,,,,,,,,N65225
,,,,0.0,0.0,0.0,0.997,N49505
ecstasy,0.7757999999999999,enthusiasm,0.6091,0.9159999999999999,0.0,0.777,0.861,N57991
ecstasy,0.8879,delight,0.0909,0.953,0.0,0.69,0.0,N45908
pleasantness,0.8120999999999999,eagerness,0.6455,0.0,0.0,0.598,0.5429999999999999,N54975
terror,0.3924,loathing,0.1909,0.0,-0.488,-0.723,-0.7895,N42669
bliss,0.9423999999999999,ecstasy,0.1909,0.723,0.971,0.0,0.43200000000000005,N58551
ecstasy,0.9212,delight,0.3788,0.9640000000000001,0.0,0.785,0.0,N54064
grief,0.897,,,-0.956,0.0,0.0,0.0,N46428
,,,,0.0,0.0,0.9990000000000001,0.0,N4021
ecstasy,0.5,pleasantness,0.3258,0.825,0.25,0.4375,0.0,N59255
annoyance,0.9909,dislike,0.42119999999999996,0.0,-0.327,-0.139,0.0,N17430
enthusiasm,0.7333,ecstasy,0.6984999999999999,0.8905,0.0,0.7853,0.902,N25604
,,,,,,,,N63270
ecstasy,0.6515000000000001,enthusiasm,0.3515,0.875,0.0,0.0,0.7759999999999999,N59271
ecstasy,0.6811,bliss,0.4242,0.8848,0.8,0.7759999999999999,0.0,N59418
loathing,0.3985,grief,0.3394,-0.772,0.0,-0.7915000000000001,-0.4238,N34242
disgust,0.9333,anger,0.4515,0.0,-0.479,-0.638,0.0,N63651
loathing,0.9273,annoyance,1.0,0.0,-0.33,-0.966,0.0,N37957
loathing,0.3576,grief,0.2223,-0.7334,0.0,-0.778,-0.47600000000000003,N33458
grief,0.8029999999999999,loathing,0.3121,-0.925,0.0,-0.763,0.0,N18854
ecstasy,0.7258,bliss,0.2758,0.8995000000000001,0.7509999999999999,0.0,0.659,N22033
joy,0.997,,,0.659,0.0,0.659,0.0,N61084
grief,0.6606000000000001,loathing,0.3697,-0.878,-0.27399999999999997,-0.782,0.0,N228
enthusiasm,0.7182,pleasantness,0.2818,0.0,0.213,0.423,0.897,N12987
sadness,0.5939,fear,0.2848,-0.526,0.0,0.0,-0.424,N20818
grief,0.5788,terror,0.5,-0.851,0.0,-0.7759999999999999,-0.825,N31633
ecstasy,0.9455,enthusiasm,0.2727,0.972,0.313,0.102,0.75,N4489
grief,0.6,loathing,0.2818,-0.858,-0.659,-0.753,0.0,N12676
eagerness,0.8454999999999999,,,0.0,0.0,0.0,0.609,N42607
sadness,0.36060000000000003,anger,0.1773,-0.449,-0.3885,0.0,0.0,N18012
enthusiasm,0.8090999999999999,ecstasy,0.6576000000000001,0.877,0.815,0.778,0.927,N33521
ecstasy,0.6833,enthusiasm,0.4576,0.8855,0.0,0.7440000000000001,0.8109999999999999,N50208
joy,0.5485,,,0.511,0.0,0.0,0.0,N42908
enthusiasm,0.8303,ecstasy,0.7091,0.894,0.0,0.8205,0.934,N47966
anxiety,0.997,annoyance,0.9303,0.0,-0.307,0.0,-0.32899999999999996,N55337
ecstasy,0.5061,acceptance,0.6106,0.8270000000000001,0.179,0.20149999999999998,0.0,N5485
rage,0.9758,terror,0.37270000000000003,0.0,-0.982,0.0,-0.7829999999999999,N39336
ecstasy,0.7242000000000001,delight,0.0364,0.899,0.3665,0.672,0.0,N33371
ecstasy,0.6121,delight,0.4485,0.862,0.0,0.8079999999999999,0.797,N16764
ecstasy,0.7,delight,0.503,0.8909999999999999,0.0,0.826,0.0,N732
enthusiasm,0.7136,ecstasy,0.4061,0.794,0.6459999999999999,0.659,0.8955,N31527
ecstasy,0.8726999999999999,delight,0.3212,0.948,0.0,0.7659999999999999,0.0,N14607
delight,0.7333,ecstasy,0.7242000000000001,0.899,0.0,0.902,0.0,N48806
grief,0.35,fear,0.8393999999999999,-0.7755,0.0,0.0,-0.607,N43467
grief,0.7591,loathing,0.3455,-0.9105,0.0,-0.774,-0.397,N50299
sadness,0.5788,anxiety,0.8939,-0.521,0.0,0.0,-0.295,N10220
anger,0.8029999999999999,fear,0.40909999999999996,0.0,-0.595,0.0,-0.465,N1734
anger,0.7606,dislike,0.9333,0.0,-0.581,-0.308,0.0,N20106
disgust,0.997,anger,0.5212,-0.386,-0.502,-0.659,-0.272,N57075
melancholy,0.9091,annoyance,0.6333,-0.3,-0.209,0.0,0.0,N21311
ecstasy,1.0,enthusiasm,0.8120999999999999,0.99,0.0,0.8809999999999999,0.9279999999999999,N37736
terror,0.6455,disgust,0.6712,0.0,-0.209,-0.5515,-0.873,N62787
grief,0.7356,loathing,0.4545,-0.9028,0.0,-0.81,-0.293,N49363
grief,0.6273,loathing,0.4364,-0.867,0.0,-0.804,0.0,N20620
terror,0.7545000000000001,loathing,0.703,0.0,0.0,-0.892,-0.909,N47287
,,,,,,,,N39535
anger,0.8029999999999999,fear,0.6121,0.0,-0.595,0.0,-0.532,N21243
,,,,,,,,N38578
annoyance,0.9120999999999999,,,0.0,-0.301,0.0,0.0,N47123
melancholy,0.7787999999999999,anxiety,0.7212000000000001,-0.257,0.0,-0.128,-0.23800000000000002,N12638
ecstasy,0.5303,serenity,0.9307,0.835,0.3071,0.1085,0.0,N54623
ecstasy,0.5,enthusiasm,0.4152,0.825,0.282,0.621,0.797,N42227
ecstasy,0.7258,enthusiasm,0.2788,0.8995000000000001,0.0,0.7509999999999999,0.752,N43966
ecstasy,0.9697,,,0.98,0.0,0.0,0.0,N49375
,,,,,,,,N58574
dislike,0.5879,annoyance,0.3818,0.0,-0.126,-0.19399999999999998,0.0,N6950
,,,,,,,,N7716
bliss,0.6788,ecstasy,0.6394,0.871,0.884,0.802,0.0,N32749
enthusiasm,0.7364,ecstasy,0.7212000000000001,0.898,0.311,0.3555,0.903,N44066
ecstasy,0.8484999999999999,enthusiasm,0.4061,0.94,0.499,0.778,0.794,N6191
grief,0.5606,loathing,0.4061,-0.845,-0.746,-0.794,-0.7829999999999999,N56558
enthusiasm,0.9423999999999999,bliss,0.8576,0.0,0.943,0.768,0.971,N42524
ecstasy,0.8212,enthusiasm,0.6848000000000001,0.9309999999999999,0.0,0.8065000000000001,0.8859999999999999,N43138
enthusiasm,0.9061,delight,0.3697,0.0,0.0,0.782,0.9590000000000001,N41257
grief,0.7985,loathing,0.3091,-0.9235,0.0,-0.762,-0.24100000000000002,N7403
ecstasy,0.9788,enthusiasm,0.5121,0.983,0.0,0.659,0.8290000000000001,N61727
ecstasy,0.7644,delight,0.37270000000000003,0.9123,0.4635,0.7829999999999999,0.0,N19103
ecstasy,0.7757999999999999,delight,0.2788,0.9159999999999999,0.0,0.752,0.0,N39843
grief,0.3439,fear,0.597,-0.7735,-0.32899999999999996,0.0,-0.527,N48320
ecstasy,0.9848,pleasantness,0.2636,0.985,0.319,0.41700000000000004,0.0,N40684
ecstasy,0.3795,delight,0.3091,0.7853,0.0,0.762,0.0,N22256
ecstasy,0.6347999999999999,delight,0.3155,0.8695,0.0,0.7641,0.0,N25041
grief,0.6909000000000001,disgust,0.9818000000000001,-0.888,-0.49200000000000005,-0.654,0.0,N8182
ecstasy,0.7333,calmness,0.7,0.902,0.561,0.385,0.0,N60933
delight,0.7288,ecstasy,0.4924,0.8225,0.0,0.9005,0.0,N2955
loathing,0.5864,terror,0.25,0.0,-0.457,-0.8534999999999999,-0.7425,N3870
ecstasy,0.6364,delight,0.4939,0.87,0.502,0.823,0.0,N29893
ecstasy,0.7182,bliss,0.3,0.897,0.759,0.659,0.659,N63734
bliss,0.6681999999999999,ecstasy,0.6182,0.8640000000000001,0.8805,0.757,0.0,N52528
ecstasy,0.2561,enthusiasm,0.2091,0.7445,0.188,0.4115,0.7290000000000001,N59449
ecstasy,0.4227,delight,0.1894,0.7995,0.0,0.7225,0.659,N12188
ecstasy,0.703,delight,0.3697,0.892,0.0,0.782,0.0,N18753
calmness,0.5091,joy,0.4727,0.486,0.498,0.248,0.479,N45174
terror,0.2788,anger,0.6076,0.0,-0.5305,0.0,-0.752,N34240
enthusiasm,0.9924,delight,0.3455,0.659,0.0,0.774,0.9875,N4303
rage,0.4,terror,0.1477,0.0,-0.792,-0.6154999999999999,-0.7088,N34233
ecstasy,0.8120999999999999,delight,0.43479999999999996,0.9279999999999999,0.0,0.8035,0.0,N543
ecstasy,0.5939,delight,0.3121,0.856,0.0,0.763,0.0,N29745
terror,0.8545,loathing,0.060599999999999994,0.0,0.0,-0.68,-0.9420000000000001,N42994
grief,0.5788,loathing,0.4697,-0.851,0.0,-0.815,-0.64,N57131
delight,0.753,enthusiasm,0.4818,0.0,0.0,0.9085,0.8190000000000001,N28535
ecstasy,0.9091,,,0.96,0.753,0.775,0.998,N44238
ecstasy,0.7848,eagerness,0.997,0.919,0.499,0.4905,0.659,N62150
dislike,0.9848,anxiety,0.5242,0.0,0.0,-0.325,-0.17300000000000001,N12612
loathing,0.6409,grief,0.5772999999999999,-0.8504999999999999,-0.84,-0.8715,0.0,N59291
,,,,,,,,N32227
ecstasy,0.7242000000000001,pleasantness,0.35609999999999997,0.899,0.0,0.4475,0.325,N34645
grief,0.7303000000000001,anxiety,0.8393999999999999,-0.9009999999999999,0.0,-0.1865,-0.27699999999999997,N51027
grief,0.6758,loathing,0.2818,-0.883,0.0,-0.753,0.0,N24866
ecstasy,0.6076,enthusiasm,0.4758,0.8604999999999999,0.0,0.797,0.8170000000000001,N19552
ecstasy,0.9697,enthusiasm,0.6364,0.98,0.0,0.705,0.87,N18760
bliss,0.8061,ecstasy,0.7576,0.91,0.9259999999999999,0.748,0.0,N18819
enthusiasm,0.7364,delight,0.0292,0.655,0.2175,0.6696,0.903,N13225
enthusiasm,0.8029999999999999,pleasantness,0.6705,0.0,0.27699999999999997,0.5513,0.925,N24427
ecstasy,0.7864,delight,0.622,0.9195,0.0,0.8653,0.754,N60739
ecstasy,0.7439,delight,0.3924,0.9055,0.0,0.7895,0.0,N24132
grief,0.9909,,,-0.987,0.0,0.0,0.0,N52800
grief,0.7167,loathing,0.43329999999999996,-0.8965000000000001,0.0,-0.8029999999999999,0.0,N49981
grief,0.9,loathing,0.36060000000000003,-0.9570000000000001,0.0,-0.779,0.0,N7748
,,,,,,,,N46662
ecstasy,0.7924,,,0.9215000000000001,0.0,0.789,0.9990000000000001,N39718
ecstasy,0.7242000000000001,pleasantness,0.35609999999999997,0.899,0.0,0.4475,0.325,N58637
ecstasy,0.8545,enthusiasm,0.48479999999999995,0.9420000000000001,0.0,0.0,0.82,N7368
contentment,0.9364,acceptance,0.3697,0.309,0.0,0.122,0.0,N54624
ecstasy,0.8985,delight,0.4485,0.9565,0.5395,0.8079999999999999,0.7443000000000001,N62418
ecstasy,0.5636,delight,0.2758,0.846,0.499,0.7509999999999999,0.0,N29621
ecstasy,0.8818,delight,0.3379,0.951,0.0,0.7715000000000001,0.0,N61483
grief,0.6970000000000001,anger,0.4227,-0.89,-0.46950000000000003,0.0,0.0,N4295
terror,0.8090999999999999,grief,0.703,-0.892,0.0,-0.7895,-0.927,N20148
ecstasy,0.5,enthusiasm,0.4758,0.825,0.0,0.0,0.8170000000000001,N64278
ecstasy,0.9318000000000001,enthusiasm,0.43329999999999996,0.9675,0.0,0.752,0.8029999999999999,N43092
loathing,0.397,grief,0.3258,-0.7675,0.0,-0.7909999999999999,-0.45399999999999996,N7180
bliss,0.7848,ecstasy,0.6727,0.882,0.919,0.8140000000000001,0.748,N58210
grief,1.0,terror,0.8484999999999999,-0.99,0.0,0.0,-0.94,N20588
enthusiasm,0.6848000000000001,ecstasy,0.6455,0.873,0.0,0.8284999999999999,0.8859999999999999,N59137
delight,0.5189,ecstasy,0.5121,0.8290000000000001,0.0,0.8312999999999999,0.0,N41212
anger,0.997,,,0.0,-0.659,0.0,0.0,N40642
ecstasy,0.7242000000000001,delight,0.4485,0.899,0.0,0.8079999999999999,0.0,N58730
ecstasy,0.7765000000000001,enthusiasm,0.7667,0.9163,0.0,0.7876000000000001,0.9129999999999999,N64130
bliss,0.6818000000000001,ecstasy,0.6485,0.8740000000000001,0.885,0.807,0.8190000000000001,N21526
bliss,0.4758,,,0.0,0.8170000000000001,0.0,0.0,N54783
,,,,,,,,N36390
fear,0.9423999999999999,sadness,0.2848,-0.424,0.0,0.0,-0.6409999999999999,N44573
enthusiasm,0.8454999999999999,ecstasy,0.6295000000000001,0.8678,0.0,0.7888,0.9390000000000001,N13693
fear,0.8423999999999999,disgust,0.34700000000000003,-0.316,0.0,-0.4445,-0.608,N10398
ecstasy,0.6667000000000001,serenity,0.8393999999999999,0.88,0.27699999999999997,0.10400000000000001,0.0,N25127
ecstasy,0.8606,bliss,0.4485,0.9440000000000001,0.8079999999999999,0.0,0.0,N13712
ecstasy,0.8393999999999999,delight,0.3576,0.937,0.774,0.778,0.32899999999999996,N52293
ecstasy,0.1485,serenity,0.7939,0.7090000000000001,0.262,0.149,0.0,N43677
ecstasy,0.5273,delight,0.4606,0.8340000000000001,0.0,0.812,0.0,N43465
delight,0.42729999999999996,ecstasy,0.2189,0.7322,0.0,0.8009999999999999,0.0,N30194
grief,0.7583,rage,0.2939,-0.9103,-0.757,-0.5185,0.0,N27667
grief,0.8484999999999999,loathing,0.2727,-0.94,0.0,-0.75,0.0,N3270
ecstasy,0.7242000000000001,delight,0.4485,0.899,0.0,0.8079999999999999,0.0,N53353
grief,0.4917,loathing,0.3682,-0.8223,-0.628,-0.7815000000000001,0.0,N36457
ecstasy,0.603,bliss,0.4576,0.8590000000000001,0.8109999999999999,0.579,0.0,N8610
sadness,0.5455,dislike,0.8606,-0.51,0.0,-0.284,0.0,N35585
ecstasy,0.7561,delight,0.43329999999999996,0.9095,0.0,0.8029999999999999,0.7895,N30965
delight,0.3712,responsiveness,0.997,0.317,0.14300000000000002,0.7825,0.32899999999999996,N59437
eagerness,0.997,pleasantness,0.2091,0.0,0.321,0.39899999999999997,0.659,N1606
anxiety,0.6061,dislike,0.42729999999999996,0.0,0.0,-0.141,-0.2,N4570
terror,0.2848,melancholy,0.153,-0.050499999999999996,0.0,0.0,-0.754,N37987
ecstasy,0.7620999999999999,delight,0.3136,0.9115000000000001,0.0,0.7635,0.0,N54012
enthusiasm,0.6788,,,0.0,0.0,0.0,0.884,N44438
ecstasy,0.7818,enthusiasm,0.6848000000000001,0.9179999999999999,0.0,0.7959999999999999,0.8859999999999999,N40813
ecstasy,0.7121,enthusiasm,0.2667,0.895,0.0,0.0,0.748,N47357
grief,0.8120999999999999,loathing,0.2636,-0.9279999999999999,0.0,-0.747,0.0,N9138
ecstasy,0.5697,pleasantness,0.4242,0.848,0.249,0.47,0.0,N4978
bliss,0.9636,ecstasy,0.7121,0.895,0.978,0.0,0.748,N2770
grief,0.7106,loathing,0.42119999999999996,-0.8945000000000001,0.0,-0.799,0.0,N3906
ecstasy,0.9515,bliss,0.24850000000000003,0.9740000000000001,0.742,0.0,0.0,N29824
anxiety,0.997,,,0.0,0.0,0.0,-0.32899999999999996,N14720
eagerness,0.997,pleasantness,0.1242,0.0,0.23199999999999998,0.371,0.659,N21453
grief,0.6212,loathing,0.3667,-0.865,0.0,-0.7809999999999999,-0.32899999999999996,N2336
ecstasy,0.6712,delight,0.4818,0.8815000000000001,0.6495000000000001,0.8190000000000001,0.0,N34300
ecstasy,0.6242,pleasantness,0.8737,0.866,0.0,0.6183,0.0,N32180
ecstasy,0.8181999999999999,calmness,0.7424,0.93,0.575,0.45049999999999996,0.0,N51363
terror,0.8181999999999999,loathing,0.34240000000000004,0.0,0.0,-0.773,-0.93,N1145
disgust,0.997,,,0.0,0.0,-0.659,0.0,N34544
grief,0.8484999999999999,loathing,0.6045,-0.94,0.0,-0.8595,0.0,N52876
ecstasy,0.9423999999999999,enthusiasm,0.6848000000000001,0.971,0.0,0.7785,0.8859999999999999,N44940
grief,0.6758,rage,0.5242,-0.883,-0.833,-0.26,-0.617,N57751
ecstasy,0.7038,bliss,0.6273,0.8923000000000001,0.867,0.51,0.794,N26634
enthusiasm,0.9152,pleasantness,0.9295,0.5765,0.499,0.6368,0.9620000000000001,N19818
ecstasy,0.7242000000000001,delight,0.1197,0.899,0.0,0.6995,0.0,N32202
calmness,0.9076000000000001,joy,0.5893999999999999,0.5245000000000001,0.6295000000000001,0.158,0.113,N5551
rage,0.38789999999999997,grief,0.0742,-0.6845,-0.7879999999999999,-0.46549999999999997,0.0,N35993
enthusiasm,0.7364,delight,0.2212,0.0,0.0,0.733,0.903,N36357
terror,0.1167,annoyance,0.997,0.0,-0.32899999999999996,0.0,-0.6984999999999999,N24959
delight,0.5529999999999999,ecstasy,0.5061,0.8270000000000001,0.0,0.8425,0.0,N29740
enthusiasm,0.7173999999999999,delight,0.4939,0.0,0.0,0.823,0.8968,N62357
bliss,0.8576,ecstasy,0.6212,0.865,0.943,0.768,0.0,N45102
grief,0.7424,loathing,0.2591,-0.905,0.0,-0.7454999999999999,0.0,N38064
ecstasy,0.7091,enthusiasm,0.4,0.894,0.32299999999999995,0.396,0.792,N49210
ecstasy,0.8068000000000001,bliss,0.7106,0.9262999999999999,0.8945000000000001,0.7070000000000001,0.8290000000000001,N49345
ecstasy,0.703,pleasantness,0.34700000000000003,0.892,0.307,0.4445,0.0,N31851
ecstasy,0.8545,enthusiasm,0.6727,0.9420000000000001,0.0,0.8059999999999999,0.882,N47341
enthusiasm,0.9667,delight,0.08560000000000001,0.0,0.0,0.6883,0.9790000000000001,N36630
enthusiasm,0.9576,pleasantness,0.5303,0.0,0.302,0.505,0.976,N55663
bliss,0.6667000000000001,,,0.0,0.88,0.9990000000000001,0.0,N53095
,,,,0.9990000000000001,0.25,0.115,0.9990000000000001,N30886
ecstasy,0.8879,enthusiasm,0.5379,0.953,0.25,0.6065,0.8375,N47699
enthusiasm,0.42729999999999996,ecstasy,0.39659999999999995,0.7909,0.659,0.7484999999999999,0.8009999999999999,N31637
,,,,,,,,N30816
ecstasy,0.3636,pleasantness,0.9621,0.78,0.0,0.6475,0.0,N44067
ecstasy,0.6984999999999999,bliss,0.4636,0.8905,0.813,0.8108,0.0,N18908
grief,0.5909,loathing,0.42729999999999996,-0.855,0.0,-0.8009999999999999,0.0,N64215
sadness,0.21359999999999998,anxiety,0.9894,-0.40049999999999997,0.0,0.0,-0.3265,N56359
anger,0.8576,,,0.0,-0.613,0.0,0.0,N39032
grief,0.21969999999999998,anger,0.7879,-0.7325,-0.59,0.0,-0.43200000000000005,N38336
serenity,0.8120999999999999,acceptance,0.3909,0.0,0.268,0.129,0.0,N21744
enthusiasm,0.7818,ecstasy,0.49700000000000005,0.8240000000000001,0.0,0.821,0.9179999999999999,N6288
ecstasy,0.7484999999999999,delight,0.3667,0.907,0.0,0.7809999999999999,0.0,N18929
dislike,0.9818000000000001,annoyance,0.5848,0.0,-0.193,-0.324,0.0,N46858
ecstasy,0.703,delight,0.3333,0.892,0.0,0.77,0.0,N53570
ecstasy,0.7712,enthusiasm,0.6545000000000001,0.9145,0.0,0.8059999999999999,0.8759999999999999,N49907
ecstasy,0.2773,enthusiasm,0.2667,0.7515000000000001,0.0,0.0,0.748,N33853
joy,0.997,,,0.659,0.0,0.0,0.0,N46454
terror,0.9484999999999999,grief,0.2148,-0.7309,0.0,-0.6909000000000001,-0.973,N30766
,,,,,,,,N30891
ecstasy,0.7515000000000001,delight,0.4182,0.9079999999999999,0.0,0.7979999999999999,0.0,N48304
ecstasy,0.5091,delight,0.4788,0.828,0.0,0.818,0.0,N46397
ecstasy,0.7242000000000001,delight,0.4485,0.899,0.282,0.8079999999999999,0.0,N4681
ecstasy,0.9545,delight,0.3788,0.975,0.0,0.785,0.0,N41648
enthusiasm,0.8029999999999999,ecstasy,0.6686,0.8806,0.0,0.7970999999999999,0.925,N23198
terror,0.1197,anger,0.2848,0.0,-0.424,0.0,-0.6995,N1398
enthusiasm,0.8273,ecstasy,0.7,0.8909999999999999,0.759,0.7709999999999999,0.9329999999999999,N62982
ecstasy,0.6212,enthusiasm,0.4242,0.865,0.0,0.114,0.8,N28406
ecstasy,0.5758,bliss,0.37270000000000003,0.85,0.7829999999999999,0.659,0.659,N29569
ecstasy,0.8288,enthusiasm,0.6159,0.9335,0.0,0.7119,0.8633,N24416
enthusiasm,0.6848000000000001,ecstasy,0.5371,0.8373,0.0,0.7084999999999999,0.8859999999999999,N62092
ecstasy,0.6212,delight,0.003,0.865,0.0,0.6609999999999999,0.0,N45715
joy,0.603,,,0.529,0.0,0.0,0.0,N21185
delight,0.5832999999999999,,,0.0,0.0,0.8525,0.991,N14028
ecstasy,0.3455,delight,0.34240000000000004,0.774,0.47,0.773,0.5595,N28552
enthusiasm,0.6848000000000001,pleasantness,0.6931999999999999,0.17,0.0,0.5588000000000001,0.8859999999999999,N13843
ecstasy,0.8423999999999999,delight,0.3909,0.938,0.0,0.789,0.0,N25873
enthusiasm,0.8029999999999999,ecstasy,0.6697,0.8809999999999999,0.192,0.6118,0.925,N16521
grief,0.8909,loathing,0.42729999999999996,-0.9540000000000001,-0.32899999999999996,-0.8009999999999999,0.0,N16029
terror,0.8545,disgust,0.9894,0.0,0.0,-0.6565000000000001,-0.9420000000000001,N61456
ecstasy,0.5758,delight,0.2682,0.85,0.0,0.7484999999999999,0.659,N32593
anxiety,0.7879,,,0.0,0.0,0.0,-0.26,N27013
sadness,0.7765000000000001,fear,0.7045,-0.5863,0.0,0.0,-0.5625,N8753
grief,0.6212,,,-0.865,0.0,0.0,0.0,N34930
rage,0.8545,,,0.0,-0.9420000000000001,0.0,0.0,N11348
enthusiasm,0.6212,delight,0.4182,0.659,0.0,0.7979999999999999,0.865,N19312
ecstasy,0.5,delight,0.303,0.825,0.282,0.76,0.0,N14641
grief,0.7273000000000001,loathing,0.48479999999999995,-0.9,-0.424,-0.82,-0.746,N5003
grief,0.8484999999999999,loathing,0.2727,-0.94,0.0,-0.75,0.0,N2193
grief,0.9606,loathing,0.2727,-0.977,0.0,-0.75,0.0,N15976
calmness,0.7424,acceptance,0.4242,0.0,0.575,0.14,0.0,N11350
grief,0.8212,loathing,0.2576,-0.9309999999999999,0.0,-0.745,0.0,N21491
ecstasy,0.6636,enthusiasm,0.2636,0.879,0.0,0.0,0.747,N44436
enthusiasm,0.4121,serenity,0.5333,0.0,0.17600000000000002,0.0,0.7959999999999999,N14505
ecstasy,0.7242000000000001,pleasantness,0.6098,0.899,0.3214,0.5312,0.0,N37766
ecstasy,0.8667,enthusiasm,0.5075999999999999,0.946,0.21,0.4595,0.8275,N46950
ecstasy,0.9545,enthusiasm,0.6848000000000001,0.975,0.0,0.785,0.8859999999999999,N17423
enthusiasm,0.8029999999999999,contentment,0.030299999999999997,0.01,0.0,-0.0325,0.925,N18936
ecstasy,0.9091,,,0.96,0.0,0.0,0.0,N7234
sadness,0.9545,annoyance,0.8606,-0.645,-0.284,0.0,0.0,N28111
calmness,0.7667,,,0.0,0.583,0.0,0.0,N1459
terror,0.8606,,,0.0,0.0,0.0,-0.9440000000000001,N31444
dislike,0.6364,,,0.0,0.0,-0.21,0.0,N60392
calmness,0.5121,,,0.0,0.499,0.0,0.0,N63577
ecstasy,0.7757999999999999,enthusiasm,0.7242000000000001,0.9159999999999999,0.0,0.609,0.899,N41860
ecstasy,0.7424,delight,0.3348,0.905,0.0,0.7705,0.0,N7941
pleasantness,0.597,eagerness,0.5182,0.0,0.0,0.527,0.501,N26632
ecstasy,0.7106,delight,0.4485,0.8945000000000001,0.0,0.8079999999999999,0.0,N16384
terror,0.8621,loathing,0.44549999999999995,0.0,0.0,-0.807,-0.9445,N4972
enthusiasm,0.6848000000000001,,,0.0,0.0,0.0,0.8859999999999999,N54786
serenity,0.8606,acceptance,0.39390000000000003,0.0,0.284,0.13,0.0,N4209
grief,0.2409,fear,0.4152,-0.7395,0.0,0.0,-0.467,N57899
fear,0.903,dislike,0.9727,0.0,0.0,-0.321,-0.628,N8370
enthusiasm,0.6970000000000001,bliss,0.6788,0.659,0.884,0.706,0.89,N51077
grief,0.8379000000000001,loathing,0.4939,-0.9365000000000001,0.0,-0.823,0.0,N7645
bliss,0.9636,,,0.0,0.978,0.0,0.0,N41357
ecstasy,0.8848,bliss,0.4576,0.9520000000000001,0.8109999999999999,0.769,0.0,N17621
ecstasy,0.8029999999999999,delight,0.16210000000000002,0.925,0.0,0.7134999999999999,0.575,N19495
,,,,0.0,0.0,0.9990000000000001,0.0,N26584
grief,0.2318,disgust,0.6561,-0.7365,0.0,-0.5465,-0.444,N61119
ecstasy,0.6303,delight,0.2515,0.868,0.0,0.743,0.0,N33570
joy,0.997,,,0.659,0.0,0.0,0.659,N21112
delight,0.3818,,,0.998,0.0,0.7859999999999999,0.772,N57552
loathing,0.9364,,,0.0,0.0,-0.9690000000000001,0.0,N476
ecstasy,0.6212,pleasantness,0.3697,0.865,0.298,0.452,0.0,N10935
fear,0.4182,sadness,0.2303,-0.406,-0.21100000000000002,-0.09,-0.46799999999999997,N53879
anxiety,0.8515,dislike,0.3515,0.0,0.0,-0.11599999999999999,-0.281,N22505
terror,0.6061,anger,0.903,-0.435,-0.628,0.0,-0.86,N23088
grief,0.9455,loathing,0.4152,-0.972,0.0,-0.797,0.0,N48422
ecstasy,0.8364,calmness,0.4621,0.9359999999999999,0.4825,0.0,0.0,N5249
ecstasy,0.8515,pleasantness,0.3333,0.941,0.315,0.44,0.0,N4435
ecstasy,0.7242000000000001,delight,0.4485,0.899,0.0,0.8079999999999999,0.0,N62427
enthusiasm,0.7364,bliss,0.6788,0.0,0.884,0.835,0.903,N7004
sadness,0.9545,anger,0.7879,-0.645,-0.59,0.0,0.0,N10280
ecstasy,0.7076,enthusiasm,0.6848000000000001,0.8935,0.7759999999999999,0.32899999999999996,0.8859999999999999,N5195
grief,0.6212,loathing,0.3667,-0.865,0.0,-0.7809999999999999,0.0,N40032
enthusiasm,0.897,ecstasy,0.7242000000000001,0.899,0.0,0.723,0.956,N45225
grief,0.7,disgust,0.5121,-0.8909999999999999,0.0,-0.499,0.0,N34048
ecstasy,0.9697,,,0.98,0.0,0.0,0.0,N18005
ecstasy,0.8606,delight,0.3515,0.9440000000000001,0.0,0.7759999999999999,0.0,N46596
delight,0.7212000000000001,enthusiasm,0.5788,0.0,0.32899999999999996,0.898,0.851,N35791
ecstasy,0.8636,enthusiasm,0.6848000000000001,0.945,0.0,0.7440000000000001,0.8859999999999999,N14335
ecstasy,0.9909,enthusiasm,0.5364,0.987,0.0,0.7609999999999999,0.8370000000000001,N54843
enthusiasm,0.8029999999999999,ecstasy,0.8,0.924,0.5539999999999999,0.7193,0.925,N57119
ecstasy,0.6212,,,0.865,0.0,0.0,0.0,N34322
responsiveness,0.9848,acceptance,0.2636,0.0,0.0,0.087,0.325,N7895
enthusiasm,0.6939,joy,0.997,0.659,0.249,0.105,0.889,N8263
ecstasy,0.8332999999999999,delight,0.38789999999999997,0.935,0.0,0.7879999999999999,0.782,N32502
ecstasy,0.8303,delight,0.3788,0.934,0.0,0.785,0.0,N10270
ecstasy,0.603,,,0.8590000000000001,0.0,0.0,0.0,N5978
grief,0.9848,loathing,0.40759999999999996,-0.985,0.0,-0.7945,0.0,N42660
ecstasy,0.897,acceptance,0.8712000000000001,0.956,0.21600000000000003,0.2875,0.0,N21136
enthusiasm,0.8303,ecstasy,0.5182,0.831,0.0,0.78,0.934,N15424
dislike,0.6727,,,0.0,0.0,-0.222,0.0,N33800
ecstasy,0.6364,delight,0.3318,0.87,0.0,0.7695000000000001,0.0,N91
sadness,0.9697,anger,0.43329999999999996,-0.65,-0.473,0.0,0.0,N62758
loathing,0.4,grief,0.2182,-0.732,0.0,-0.792,-0.43200000000000005,N38014
pleasantness,0.997,,,0.0,0.0,0.659,0.659,N26401
ecstasy,0.7484999999999999,pleasantness,0.4424,0.907,0.192,0.47600000000000003,0.0,N62582
ecstasy,0.9037999999999999,delight,0.4121,0.9581999999999999,0.7509999999999999,0.7959999999999999,0.0,N11258
enthusiasm,0.6364,pleasantness,0.33030000000000004,0.0,0.0,0.439,0.87,N37756
terror,0.1258,,,0.0,0.0,0.0,-0.7015,N29960
ecstasy,0.1864,enthusiasm,0.1432,0.7215,0.0,0.5153,0.7071999999999999,N15416
eagerness,0.997,pleasantness,0.1333,0.0,0.26899999999999996,0.374,0.659,N520
enthusiasm,0.6121,ecstasy,0.5394,0.838,0.0,0.802,0.862,N9648
ecstasy,0.797,serenity,0.5333,0.9229999999999999,0.17600000000000002,0.0,0.0,N27503
grief,0.8015000000000001,disgust,0.43329999999999996,-0.9245,-0.264,-0.473,0.0,N61433
annoyance,0.9120999999999999,,,0.0,-0.301,0.0,0.0,N17055
ecstasy,0.7515000000000001,delight,0.6364,0.9079999999999999,0.0,0.87,0.0,N55526
ecstasy,0.7636,enthusiasm,0.5606,0.912,0.0,0.7514,0.845,N3908
ecstasy,0.5182,bliss,0.38789999999999997,0.831,0.7879999999999999,0.7609999999999999,0.0,N32247
pleasantness,0.7394,,,0.0,0.0,0.574,0.0,N38528
enthusiasm,0.6182,delight,0.5167,0.0,0.0,0.8305,0.8640000000000001,N27289
grief,0.9667,loathing,0.43939999999999996,-0.9790000000000001,0.0,-0.805,0.0,N44396
disgust,0.6455,,,0.0,0.0,-0.5429999999999999,0.0,N3325
grief,0.7757999999999999,loathing,0.42119999999999996,-0.9159999999999999,0.0,-0.799,0.0,N19297
pleasantness,0.997,,,0.0,0.0,0.659,0.0,N52508
loathing,0.3455,terror,0.3212,0.0,0.0,-0.774,-0.7659999999999999,N60065
enthusiasm,0.6303,delight,0.43329999999999996,0.0,0.64,0.8029999999999999,0.868,N217
joy,0.797,serenity,0.9818000000000001,0.593,0.324,0.27649999999999997,0.0,N14639
melancholy,0.7667,annoyance,0.32420000000000004,-0.253,-0.107,0.0,0.0,N2329
grief,0.5818,rage,0.3061,-0.852,-0.7609999999999999,-0.659,0.0,N58304
grief,0.3591,loathing,0.2727,-0.7785,0.0,-0.75,0.0,N37026
ecstasy,0.25,bliss,0.2379,0.7425,0.7384999999999999,0.6185,0.0,N48701
ecstasy,0.9120999999999999,,,0.961,0.0,0.0,0.0,N33764
enthusiasm,0.42119999999999996,joy,0.9181999999999999,0.633,0.0,0.11800000000000001,0.799,N6058
ecstasy,0.753,enthusiasm,0.42729999999999996,0.9085,0.17600000000000002,0.79,0.8009999999999999,N50652
ecstasy,0.7833,enthusiasm,0.5893999999999999,0.9185,0.0,0.7155,0.8545,N50985
grief,0.2167,,,-0.7315,0.0,0.0,0.0,N54726
enthusiasm,0.8120999999999999,serenity,0.9212,0.24,0.304,0.1565,0.9279999999999999,N38035
ecstasy,0.6879000000000001,enthusiasm,0.46520000000000006,0.887,0.0,0.7709999999999999,0.8134999999999999,N25518
enthusiasm,0.7515000000000001,,,0.9990000000000001,0.8665,0.755,0.9079999999999999,N61157
joy,0.7696999999999999,pleasantness,0.33030000000000004,0.584,0.0,0.439,0.0,N8571
loathing,0.397,grief,0.3258,-0.7675,-0.424,-0.7909999999999999,-0.479,N28287
grief,0.6727,loathing,0.43329999999999996,-0.882,0.0,-0.8029999999999999,0.0,N17188
ecstasy,0.7242000000000001,delight,0.4485,0.899,0.0,0.8079999999999999,0.0,N46534
grief,0.9091,terror,0.6182,-0.96,0.0,-0.805,-0.8640000000000001,N31254
fear,0.37729999999999997,annoyance,0.9788,0.0,-0.32299999999999995,-0.1245,-0.4545,N48194
ecstasy,0.5545,enthusiasm,0.48479999999999995,0.843,0.315,0.11,0.82,N12737
enthusiasm,0.6424,ecstasy,0.2985,0.7585,0.252,0.5215,0.872,N51949
grief,0.8545,terror,0.6212,-0.9420000000000001,0.0,0.0,-0.865,N6357
eagerness,0.997,pleasantness,0.2091,0.19699999999999998,0.0,0.39899999999999997,0.659,N20725
ecstasy,0.9152,delight,0.4758,0.9620000000000001,0.0,0.8170000000000001,0.0,N14418
ecstasy,0.7515000000000001,delight,0.2667,0.9079999999999999,0.0,0.748,0.0,N21002
ecstasy,0.6818000000000001,delight,0.35979999999999995,0.885,0.0,0.7787999999999999,0.0,N20244
delight,0.3121,joy,0.7902,0.5908,0.0,0.763,0.0,N43035
ecstasy,0.8273,bliss,0.6758,0.9329999999999999,0.883,0.8175,0.0,N48044
ecstasy,0.9909,delight,0.5667,0.987,0.0,0.847,0.8109999999999999,N11367
ecstasy,0.35450000000000004,enthusiasm,0.1318,0.777,0.0,0.0,0.7034999999999999,N40974
ecstasy,0.7,delight,0.36060000000000003,0.8909999999999999,0.17600000000000002,0.779,0.0,N60825
loathing,0.397,grief,0.3258,-0.7675,0.0,-0.7909999999999999,-0.45399999999999996,N33071
sadness,0.703,,,-0.562,0.0,0.0,0.0,N55231
enthusiasm,0.7152,serenity,0.997,0.0,0.32899999999999996,0.0,0.8959999999999999,N39529
sadness,0.7167,anger,0.40299999999999997,-0.5665,-0.46299999999999997,-0.39,-0.1855,N38975
ecstasy,0.8227,delight,0.3015,0.9315000000000001,0.0,0.7595000000000001,0.0,N25519
bliss,0.4364,joy,0.8864,0.6225,0.804,0.0,0.0,N33584
rage,0.9484999999999999,,,0.0,-0.973,0.0,0.0,N389
sadness,0.997,disgust,0.2909,-0.659,0.0,-0.426,0.0,N18516
ecstasy,0.7167,eagerness,0.41359999999999997,0.8965000000000001,0.462,0.0,0.46649999999999997,N53286
ecstasy,0.7576,eagerness,0.7879,0.91,0.306,0.4395,0.59,N8041
bliss,0.9364,ecstasy,0.622,0.8653,0.9690000000000001,0.7685,0.807,N47005
enthusiasm,0.7484999999999999,ecstasy,0.7424,0.905,0.7759999999999999,0.7545000000000001,0.907,N57265
grief,0.9181999999999999,,,-0.963,0.0,0.0,0.0,N44681
enthusiasm,0.7333,bliss,0.6818000000000001,0.872,0.885,0.8753,0.902,N48330
enthusiasm,0.6455,ecstasy,0.5394,0.838,0.305,0.45899999999999996,0.873,N7607
ecstasy,0.5182,bliss,0.303,0.831,0.76,0.621,0.0,N56616
grief,0.3333,loathing,0.2515,-0.77,0.0,-0.743,-0.5025,N21486
ecstasy,0.7818,delight,0.2758,0.9179999999999999,0.718,0.7509999999999999,0.0,N7128
enthusiasm,0.9091,ecstasy,0.8303,0.934,0.0,0.782,0.96,N13535
grief,0.9909,loathing,0.4,-0.987,0.0,-0.792,0.0,N27132
ecstasy,0.7484999999999999,delight,0.1114,0.907,0.0,0.6968000000000001,0.659,N58547
ecstasy,0.8151999999999999,enthusiasm,0.6667000000000001,0.929,0.0,0.7866,0.88,N7412
terror,0.5091,loathing,0.44549999999999995,0.0,0.0,-0.807,-0.828,N37694
sadness,0.6455,disgust,0.2788,-0.5429999999999999,0.0,-0.42200000000000004,0.0,N35102
enthusiasm,0.7818,contentment,0.9,0.297,0.28600000000000003,0.121,0.9179999999999999,N39624
grief,0.7152,loathing,0.3455,-0.8959999999999999,0.0,-0.774,0.0,N12452
contentment,0.7726999999999999,responsiveness,0.5667,0.255,0.0,0.0,0.187,N19894
grief,0.7242000000000001,loathing,0.2818,-0.899,0.0,-0.753,0.0,N46288
enthusiasm,0.7375,ecstasy,0.653,0.8755,0.0,0.76,0.9034,N20862
ecstasy,0.8379000000000001,enthusiasm,0.5939,0.9365000000000001,0.0,0.8048000000000001,0.856,N4499
ecstasy,0.8484999999999999,enthusiasm,0.33640000000000003,0.94,0.0,0.0,0.7709999999999999,N44228
delight,0.5697,contentment,0.8606,0.284,0.0,0.848,0.0,N29278
delight,0.6106,enthusiasm,0.4462,0.748,0.0,0.8615,0.8072,N49149
sadness,0.9576,,,-0.6459999999999999,0.0,0.0,0.0,N32844
ecstasy,0.6091,calmness,0.6394,0.861,0.541,0.12,0.0,N440
ecstasy,0.7121,delight,0.5038,0.895,0.0,0.8262999999999999,0.0,N13194
ecstasy,0.3765,delight,0.3576,0.7843000000000001,0.0,0.778,0.0,N3623
enthusiasm,0.6227,delight,0.39390000000000003,0.742,0.0,0.79,0.8654999999999999,N32072
pleasantness,0.9212,joy,0.603,0.529,0.0,0.634,0.0,N15905
pleasantness,0.5932,contentment,0.9484999999999999,0.313,0.23399999999999999,0.5257999999999999,0.0,N26479
loathing,0.3848,sadness,0.8697,-0.617,0.0,-0.787,0.0,N27077
grief,0.9848,fear,0.4242,-0.985,0.0,0.0,-0.47,N21746
loathing,0.9273,,,-0.8220000000000001,0.0,-0.966,-0.9990000000000001,N1876
ecstasy,0.8917,enthusiasm,0.35450000000000004,0.9543,0.244,0.451,0.777,N59726
loathing,0.2758,,,0.0,0.0,-0.7509999999999999,0.0,N29702
terror,0.8879,loathing,0.4576,0.0,0.0,-0.8109999999999999,-0.953,N46771
ecstasy,0.9212,enthusiasm,0.7364,0.9640000000000001,0.894,0.7865000000000001,0.903,N35783
enthusiasm,0.3394,,,0.998,0.0,0.0,0.772,N45165
eagerness,0.997,pleasantness,0.43479999999999996,0.0,0.0,0.47350000000000003,0.659,N30717
delight,0.5697,,,0.0,0.0,0.848,0.0,N23743
grief,0.8636,,,-0.945,0.0,0.0,0.0,N32547
joy,0.997,,,0.659,0.0,0.659,0.0,N10553
enthusiasm,0.6515000000000001,delight,0.1258,0.659,0.0,0.7015,0.875,N50891
ecstasy,0.6212,pleasantness,0.997,0.865,0.0,0.659,0.659,N50788
dislike,0.0553,melancholy,0.0326,-0.0108,0.0,-0.0182,0.0,N59686
grief,0.9242,terror,0.7545000000000001,-0.965,-0.619,0.23629999999999998,-0.909,N2448
disgust,0.6576000000000001,sadness,0.33030000000000004,-0.439,0.0,-0.547,0.0,N22006
ecstasy,0.897,delight,0.4924,0.956,0.608,0.8225,0.0,N28754
grief,0.5606,rage,0.37270000000000003,-0.845,-0.7829999999999999,0.0,0.0,N3465
loathing,0.4061,,,-0.996,0.0,-0.794,0.0,N24763
ecstasy,0.2939,,,0.757,0.0,0.0,0.0,N44113
calmness,0.7818,,,0.0,0.588,0.0,0.0,N27877
delight,0.9697,ecstasy,0.6515000000000001,0.875,0.0,0.98,0.7855,N92
grief,0.9667,loathing,0.43939999999999996,-0.9790000000000001,-0.301,-0.805,0.0,N1644
grief,0.7167,anger,0.9273,-0.8965000000000001,-0.636,-0.106,-0.485,N1843
enthusiasm,0.5061,,,0.992,0.0,0.769,0.8270000000000001,N34777
enthusiasm,0.7333,delight,0.4545,0.0,0.0,0.81,0.902,N20303
grief,0.8667,dislike,0.9727,-0.946,0.0,-0.321,0.0,N51280
ecstasy,0.747,pleasantness,0.6341,0.9065000000000001,0.23199999999999998,0.5393,0.0,N14476
dislike,0.6848000000000001,,,0.0,0.0,-0.226,0.0,N13833
ecstasy,0.8273,delight,0.4727,0.9329999999999999,0.0,0.816,0.0,N27958
ecstasy,0.9667,delight,0.37579999999999997,0.9790000000000001,0.499,0.784,0.0,N51173
ecstasy,0.6212,enthusiasm,0.6182,0.865,0.0,0.5935,0.8640000000000001,N56789
ecstasy,0.8,enthusiasm,0.4939,0.924,0.0,0.748,0.823,N964
dislike,0.997,,,0.0,0.0,-0.32899999999999996,0.0,N20600
joy,0.7985,pleasantness,0.35450000000000004,0.5935,0.17600000000000002,0.447,0.0,N54434
ecstasy,0.7242000000000001,delight,0.4485,0.899,0.0,0.8079999999999999,0.0,N33667
,,,,,,,,N15725
ecstasy,0.5682,,,0.8475,0.0,0.0,0.0,N35527
enthusiasm,0.7620999999999999,delight,0.3818,0.0,0.0,0.7859999999999999,0.9115000000000001,N17888
bliss,0.9576,ecstasy,0.7242000000000001,0.899,0.976,0.4069,0.325,N704
grief,0.8098000000000001,terror,0.3394,-0.9273,0.0,-0.7659999999999999,-0.772,N24137
ecstasy,0.603,delight,0.2727,0.8590000000000001,0.0,0.75,0.0,N6351
,,,,,,,,N16480
ecstasy,0.7424,enthusiasm,0.42729999999999996,0.905,0.168,0.4355,0.8009999999999999,N20931
ecstasy,0.9727,delight,0.2667,0.981,0.0,0.748,0.0,N55779
ecstasy,0.8606,eagerness,0.997,0.9440000000000001,0.239,0.5508,0.659,N48000
grief,0.6727,,,-0.882,0.0,0.0,0.0,N40070
ecstasy,0.9091,pleasantness,0.8432,0.96,0.273,0.6083,0.0,N4742
delight,0.6818000000000001,,,0.0,0.0,0.885,0.0,N45606
rage,0.997,fear,0.5196999999999999,0.0425,-0.9890000000000001,0.0,-0.5015,N56115
ecstasy,0.703,pleasantness,0.4061,0.892,0.28600000000000003,0.46399999999999997,0.0,N31430
bliss,0.7484999999999999,ecstasy,0.7095,0.8941,0.907,0.7242000000000001,0.8859999999999999,N16844
rage,0.4424,grief,0.060599999999999994,-0.68,-0.8059999999999999,0.0,-0.43200000000000005,N20711
ecstasy,0.7242000000000001,delight,0.4485,0.899,0.0,0.8079999999999999,0.0,N2449
ecstasy,0.7091,delight,0.38789999999999997,0.894,0.265,0.7879999999999999,0.0,N42916
anxiety,0.5364,,,0.0,0.0,0.0,-0.177,N54540
bliss,0.6667000000000001,pleasantness,0.7076,0.276,0.88,0.5635,0.0,N33408
enthusiasm,0.6818000000000001,pleasantness,0.3962,0.0,0.201,0.4608,0.885,N40802
ecstasy,0.7696999999999999,delight,0.3273,0.914,0.7609999999999999,0.768,0.0,N53451
annoyance,0.6424,,,0.0,-0.212,0.0,0.0,N35907
terror,0.5515,grief,0.34700000000000003,-0.7745000000000001,0.0,-0.7440000000000001,-0.8420000000000001,N3912
disgust,0.7757999999999999,sadness,0.703,-0.562,-0.47729999999999995,-0.586,0.0,N42527
,,,,,,,,N33207
calmness,0.3439,acceptance,0.6576000000000001,0.0,0.4435,0.217,0.0,N8767
ecstasy,0.6803,enthusiasm,0.3182,0.8845000000000001,0.0,0.0,0.765,N50010
grief,0.8879,rage,0.7182,-0.953,-0.897,-0.5495,0.0,N38446
enthusiasm,0.8758,ecstasy,0.7515000000000001,0.9079999999999999,0.0,0.7484999999999999,0.9490000000000001,N6163
delight,0.6439,ecstasy,0.5515,0.8420000000000001,0.0,0.8725,0.83,N11592
dislike,0.8909,,,0.0,0.0,-0.294,0.0,N16873
ecstasy,0.8693000000000001,enthusiasm,0.4364,0.9469,0.0,0.7805,0.804,N60669
enthusiasm,0.2697,pleasantness,0.997,0.0,0.0,0.659,0.7490000000000001,N44178
ecstasy,0.7121,enthusiasm,0.2667,0.895,0.0,0.0,0.748,N46502
ecstasy,0.8864,delight,0.35,0.9525,0.0,0.7755,0.6,N10013
grief,0.9152,loathing,0.2576,-0.9620000000000001,0.0,-0.745,0.0,N14629
grief,0.7121,terror,0.2667,-0.895,0.0,0.0,-0.748,N37472
loathing,0.3394,,,-0.995,-0.16899999999999998,-0.772,0.0,N9220
ecstasy,0.6492,delight,0.4485,0.8743000000000001,0.7829999999999999,0.8079999999999999,0.779,N34476
grief,0.5061,loathing,0.48479999999999995,-0.8270000000000001,-0.376,-0.82,0.0,N20312
ecstasy,0.5,delight,0.303,0.825,0.0,0.76,0.0,N7212
sadness,0.7726999999999999,fear,0.2545,-0.585,0.0,0.0,-0.414,N18062
grief,0.5061,loathing,0.48479999999999995,-0.8270000000000001,0.0,-0.82,-0.7175,N31931
anxiety,0.7182,,,0.0,0.0,0.0,-0.237,N9615
ecstasy,0.6773,delight,0.4727,0.8835,0.565,0.816,0.0,N35827
ecstasy,0.5303,delight,0.4303,0.835,0.0,0.802,0.764,N59440
ecstasy,0.3682,calmness,0.5061,0.7815000000000001,0.49700000000000005,0.0,0.0,N47186
ecstasy,0.8712000000000001,enthusiasm,0.41359999999999997,0.9475,0.0,0.0,0.7965000000000001,N46131
rage,0.9423999999999999,sadness,0.9545,-0.645,-0.971,0.0,-0.17300000000000001,N40724
ecstasy,0.7227,enthusiasm,0.0795,0.8985,0.32299999999999995,0.5529999999999999,0.6862999999999999,N9868
ecstasy,0.8606,bliss,0.4485,0.9440000000000001,0.8079999999999999,0.659,0.659,N30417
calmness,0.897,acceptance,0.4727,0.0,0.626,0.156,0.0,N24024
anxiety,0.9181999999999999,,,0.0,0.0,0.0,-0.303,N33604
grief,0.7848,loathing,0.3152,-0.919,0.0,-0.764,0.0,N8500
sadness,0.6939,fear,0.39390000000000003,-0.5589999999999999,-0.424,0.0,-0.46,N27608
grief,0.9667,loathing,0.3909,-0.9790000000000001,-0.5589999999999999,-0.789,0.0,N13061
bliss,0.6667000000000001,,,0.0,0.88,0.0,0.0,N18977
ecstasy,0.6773,delight,0.4515,0.8835,0.0,0.809,0.76,N4145
ecstasy,0.8356,delight,0.5227,0.9357,0.499,0.8325,0.0,N25300
terror,0.5394,,,0.0,0.0,0.0,-0.838,N59872
grief,0.503,loathing,0.3061,-0.826,0.0,-0.7609999999999999,0.0,N162
enthusiasm,0.7182,ecstasy,0.5909,0.855,0.0,0.0,0.897,N9106
pleasantness,0.6652,responsiveness,0.6545000000000001,0.17,0.0,0.5495,0.21600000000000003,N14341
anger,0.7606,dislike,0.9333,0.0,-0.581,-0.308,0.0,N11723
ecstasy,0.8545,bliss,0.6258,0.9420000000000001,0.8665,0.8390000000000001,0.8440000000000001,N4032
pleasantness,0.997,responsiveness,0.6273,0.0,0.0,0.659,0.207,N14442
ecstasy,0.6576000000000001,bliss,0.4697,0.877,0.815,0.7535,0.659,N47326
ecstasy,0.7242000000000001,delight,0.2227,0.899,0.0,0.7334999999999999,0.0,N60604
enthusiasm,0.6848000000000001,,,0.0,0.0,0.0,0.8859999999999999,N28119
grief,0.6273,,,-0.867,-0.9990000000000001,-0.8220000000000001,-0.66,N31224
grief,0.7333,,,-0.902,0.0,0.0,0.0,N57140
ecstasy,0.8151999999999999,bliss,0.6758,0.929,0.883,0.8115000000000001,0.8165,N27395
melancholy,0.8,dislike,0.44549999999999995,-0.264,0.0,-0.147,0.0,N5873
rage,0.1303,sadness,0.9621,-0.6475,-0.703,0.0,-0.4946,N1761
terror,0.7576,,,-0.995,0.0,-0.502,-0.91,N42421
dislike,0.997,,,0.0,0.0,-0.32899999999999996,0.0,N60724
grief,0.6864,rage,0.4152,-0.8865000000000001,-0.797,-0.775,0.0,N25156
delight,0.8787999999999999,,,0.0,0.0,0.95,0.0,N20393
ecstasy,0.42310000000000003,enthusiasm,0.2121,0.7996,0.0,0.6846,0.73,N54298
terror,0.275,disgust,0.3833,0.0,0.0,-0.45649999999999996,-0.7508,N28323
joy,0.6879000000000001,acceptance,0.853,0.557,0.192,0.2815,0.0,N25180
calmness,0.7833,pleasantness,0.3258,0.0,0.5885,0.4375,0.0,N4643
anxiety,0.6061,dislike,0.42729999999999996,0.0,0.0,-0.141,-0.2,N40628
grief,0.5652,loathing,0.45,-0.8465,0.0,-0.8085,-0.525,N62539
pleasantness,0.7545000000000001,calmness,0.7424,0.0,0.575,0.579,0.0,N59011
delight,0.9636,,,0.0,0.0,0.978,0.0,N23984
sadness,0.9727,fear,0.5902000000000001,-0.6509999999999999,-0.499,-0.32899999999999996,-0.5246999999999999,N4236
calmness,0.6455,acceptance,0.2879,0.0,0.5429999999999999,0.095,0.0,N60489
ecstasy,0.8879,calmness,0.40909999999999996,0.953,0.465,0.0,0.0,N14017
grief,0.9909,loathing,0.2606,-0.987,0.0,-0.746,0.0,N43462
ecstasy,0.5598,delight,0.34700000000000003,0.8448,0.0,0.7745000000000001,0.0,N51204
ecstasy,0.9348000000000001,eagerness,0.6053000000000001,0.9684999999999999,0.499,0.248,0.5297999999999999,N54907
enthusiasm,0.5893999999999999,ecstasy,0.5333,0.836,0.0,0.8295,0.8545,N34721
ecstasy,0.9758,pleasantness,0.09849999999999999,0.982,0.252,0.3625,0.0,N12100
ecstasy,0.7515000000000001,enthusiasm,0.7364,0.9079999999999999,0.0,0.7955,0.903,N19220
joy,0.753,calmness,0.6803,0.5785,0.5545,0.10949999999999999,0.0,N13746
annoyance,0.5697,,,0.0,-0.188,0.0,0.0,N64403
enthusiasm,0.6848000000000001,calmness,0.5121,0.0,0.499,0.0,0.8859999999999999,N37983
ecstasy,0.7242000000000001,delight,0.2227,0.899,0.0,0.7334999999999999,0.659,N45955
terror,0.6455,loathing,0.45,0.0,0.0,-0.8085,-0.873,N49821
ecstasy,0.7136,enthusiasm,0.3152,0.8955,0.0,0.0,0.764,N31585
enthusiasm,0.6848000000000001,joy,0.8242,0.602,0.0,0.34630000000000005,0.8859999999999999,N7503
terror,0.6394,loathing,0.4061,0.0,0.0,-0.794,-0.871,N41882
terror,0.7696999999999999,grief,0.703,-0.892,0.0,-0.7675,-0.914,N35000
ecstasy,0.7454999999999999,enthusiasm,0.6955,0.9059999999999999,0.0,0.81,0.8895000000000001,N53688
enthusiasm,0.4576,joy,0.8621,0.6145,0.287,0.09300000000000001,0.8109999999999999,N46816
ecstasy,0.9924,enthusiasm,0.9181999999999999,0.9875,0.499,0.792,0.963,N39417
loathing,0.397,grief,0.3258,-0.7675,0.0,-0.7909999999999999,-0.45399999999999996,N47868
grief,0.8484999999999999,loathing,0.2727,-0.94,0.0,-0.75,0.0,N45354
fear,0.16440000000000002,melancholy,0.997,-0.32899999999999996,0.0,-0.20129999999999998,-0.3843,N14358
ecstasy,0.6848000000000001,enthusiasm,0.4667,0.8859999999999999,0.0,0.0,0.8140000000000001,N41643
rage,0.8029999999999999,sadness,0.6455,-0.5429999999999999,-0.925,0.0,0.0,N122
pleasantness,0.7394,,,0.0,0.0,0.574,0.0,N45847
anger,0.8909,fear,0.2727,0.0,-0.624,0.0,-0.42,N29695
ecstasy,0.603,eagerness,0.7879,0.8590000000000001,0.0,0.0,0.59,N50048
ecstasy,0.9576,enthusiasm,0.5727,0.976,0.0,0.7440000000000001,0.8490000000000001,N13292
ecstasy,0.1545,calmness,0.41969999999999996,0.711,0.4685,0.415,0.0,N52221
terror,0.7333,loathing,0.49700000000000005,0.0,0.0,-0.8240000000000001,-0.902,N54405
enthusiasm,0.6273,ecstasy,0.5711999999999999,0.8484999999999999,0.7440000000000001,0.6685,0.867,N40490
ecstasy,0.5182,delight,0.3152,0.831,0.0,0.764,0.0,N48120
loathing,0.3697,anger,0.7787999999999999,0.0,-0.5870000000000001,-0.782,-0.079,N50187
ecstasy,0.7394,pleasantness,0.6909000000000001,0.904,0.18600000000000003,0.5579999999999999,0.0,N10839
grief,0.5091,fear,0.6848000000000001,-0.828,0.0,-0.4715,-0.556,N19931
grief,0.9227,loathing,0.3591,-0.9645,-0.301,-0.7785,0.0,N51409
ecstasy,0.8227,enthusiasm,0.6545000000000001,0.9315000000000001,0.0,0.7,0.8759999999999999,N50304
anger,0.7121,,,0.0,-0.565,0.0,0.0,N16495
grief,0.7091,loathing,0.35609999999999997,-0.894,0.0,-0.7775,0.0,N17771
pleasantness,0.6258,serenity,0.6606000000000001,0.0,0.218,0.5365,0.0,N8928
responsiveness,0.997,,,0.0,0.0,0.9990000000000001,0.32899999999999996,N53224
delight,0.4303,,,0.0,0.0,0.802,0.0,N52018
ecstasy,0.5333,enthusiasm,0.44549999999999995,0.836,0.583,0.16399999999999998,0.807,N40091
contentment,0.703,acceptance,0.297,0.23199999999999998,0.0,0.098,0.0,N36682
ecstasy,0.7394,enthusiasm,0.5727,0.904,0.818,0.23600000000000002,0.8490000000000001,N44047
ecstasy,0.5364,delight,0.1364,0.8370000000000001,0.0,0.705,0.659,N30179
ecstasy,0.8076000000000001,delight,0.3636,0.9265000000000001,0.0,0.78,0.0,N2472
fear,0.8697,sadness,0.7394,-0.574,0.0,-0.474,-0.617,N13104
rage,0.9484999999999999,grief,0.6485,-0.8740000000000001,-0.973,-0.81,0.0,N39932
enthusiasm,0.8212,delight,0.2788,0.0,0.0,0.752,0.9309999999999999,N4730
enthusiasm,0.9484999999999999,delight,0.2515,0.0,0.0,0.743,0.973,N24343
ecstasy,0.8726999999999999,bliss,0.3394,0.948,0.772,0.0,0.0,N54822
ecstasy,0.9242,delight,0.49090000000000006,0.965,0.0,0.8220000000000001,0.0,N28861
enthusiasm,0.6091,delight,0.2091,0.0,0.0,0.7290000000000001,0.861,N40447
pleasantness,0.997,,,0.0,0.32899999999999996,0.659,0.659,N44321
ecstasy,0.797,delight,0.33030000000000004,0.9229999999999999,0.0,0.769,0.0,N62372
sadness,0.7545000000000001,fear,0.34240000000000004,-0.579,0.0,0.0,-0.44299999999999995,N36300
ecstasy,0.8985,enthusiasm,0.6347999999999999,0.9565,0.0,0.41700000000000004,0.8695,N8763
delight,0.9636,enthusiasm,0.6848000000000001,0.556,0.8009999999999999,0.978,0.8859999999999999,N52941
ecstasy,0.6652,delight,0.33640000000000003,0.8795000000000001,0.0,0.7709999999999999,0.0,N51736
sadness,0.703,,,-0.562,0.0,0.0,0.0,N49185
,,,,,,,,N13861
pleasantness,0.5235,serenity,0.9212,0.0,0.304,0.5028,0.0,N17009
joy,0.7803,pleasantness,0.36210000000000003,0.5875,0.0,0.4495,0.0,N2164
ecstasy,0.9636,bliss,0.3,0.978,0.759,0.0,0.196,N18648
ecstasy,0.997,enthusiasm,0.42729999999999996,0.9890000000000001,0.32299999999999995,0.133,0.8009999999999999,N51238
enthusiasm,0.8726999999999999,ecstasy,0.5924,0.8554999999999999,0.0,0.8059999999999999,0.948,N39055
contentment,0.597,acceptance,0.42119999999999996,0.19699999999999998,0.0,0.139,0.0,N10711
loathing,0.43939999999999996,terror,0.0242,-0.525,0.0,-0.805,-0.6679999999999999,N63049
delight,0.3712,,,0.0,0.0,0.7825,0.0,N21595
melancholy,0.6697,,,-0.221,0.0,0.0,0.0,N9432
delight,0.6182,calmness,0.33640000000000003,0.0,0.441,0.8640000000000001,0.0,N23833
disgust,0.747,,,0.0,0.0,-0.5765,0.0,N63103
ecstasy,0.5515,delight,0.3576,0.8420000000000001,0.465,0.778,0.0,N58932
rage,0.8652,grief,0.4485,-0.8079999999999999,-0.9455,0.0,0.0,N28392
ecstasy,0.9879000000000001,delight,0.2833,0.986,0.0,0.7535,0.0,N48563
grief,0.9015000000000001,loathing,0.3803,-0.9575,0.0,-0.7855,-0.272,N34473
annoyance,0.997,,,0.0,-0.32899999999999996,0.0,0.0,N58090
ecstasy,0.8212,enthusiasm,0.7484999999999999,0.9309999999999999,0.0,0.79,0.907,N13360
grief,0.8606,loathing,0.2909,-0.9440000000000001,0.0,-0.7559999999999999,0.0,N25195
anxiety,0.9,,,0.08449999999999999,0.0,0.0,-0.297,N41998
ecstasy,0.8242,delight,0.43939999999999996,0.932,0.0,0.805,0.0,N59727
enthusiasm,0.9181999999999999,delight,0.34850000000000003,0.6085,0.0,0.775,0.963,N36539
ecstasy,0.9181999999999999,enthusiasm,0.7364,0.963,0.0,0.812,0.903,N11678
loathing,0.45,sadness,0.8029999999999999,-0.595,0.0,-0.8085,-0.165,N2970
sadness,0.703,,,-0.562,0.0,0.0,0.0,N46133
ecstasy,0.6424,delight,0.0060999999999999995,0.872,0.0,0.662,0.0,N26029
enthusiasm,0.6848000000000001,ecstasy,0.6364,0.87,0.0,0.8540000000000001,0.8859999999999999,N58030
loathing,0.3788,terror,0.37579999999999997,-0.659,0.0,-0.785,-0.784,N44061
ecstasy,0.0652,,,0.6815000000000001,0.0,0.0,0.0,N13560
bliss,0.8758,ecstasy,0.7545000000000001,0.909,0.9490000000000001,0.8145,0.0,N60963
ecstasy,0.6273,serenity,0.7091,0.867,0.23399999999999999,0.142,0.0,N47487
ecstasy,0.5,bliss,0.38789999999999997,0.825,0.7879999999999999,0.0,0.0,N34536
sadness,0.5121,fear,0.3091,-0.499,0.0,0.0,-0.43200000000000005,N38114
ecstasy,0.0553,pleasantness,0.7333,0.6783,0.0,0.5720000000000001,0.0,N50333
loathing,0.3818,terror,0.0758,-0.501,0.0,-0.7859999999999999,-0.685,N20248
enthusiasm,0.9181999999999999,delight,0.3152,0.0,0.0,0.764,0.963,N8396
serenity,0.6765000000000001,acceptance,0.34700000000000003,0.0,0.22329999999999997,0.11449999999999999,0.0,N51651
melancholy,0.6818000000000001,anxiety,0.4939,-0.225,0.0,0.0,-0.163,N22133
ecstasy,0.3318,serenity,0.5091,0.7695000000000001,0.168,0.094,0.0,N42590
enthusiasm,0.9423999999999999,delight,0.4939,0.6995,0.499,0.823,0.971,N15515
grief,0.897,loathing,0.4545,-0.956,0.0,-0.81,-0.257,N12599
responsiveness,0.9848,acceptance,0.2636,0.0,0.0,0.087,0.325,N45359
ecstasy,0.8985,enthusiasm,0.4576,0.9565,0.313,0.2595,0.8109999999999999,N34760
melancholy,0.6909000000000001,dislike,0.2848,-0.228,0.0,-0.094,0.0,N16103
ecstasy,0.5848,eagerness,0.5273,0.853,0.36,0.4685,0.504,N64977
ecstasy,0.9423999999999999,delight,0.7454999999999999,0.971,0.4675,0.9059999999999999,0.0,N51595
ecstasy,0.7773,enthusiasm,0.5864,0.9165000000000001,0.0,0.7225,0.8534999999999999,N30612
ecstasy,0.7045,delight,0.32049999999999995,0.8925,0.0,0.7658,0.0,N24064
serenity,0.7394,acceptance,0.4818,0.0,0.244,0.159,0.0,N4613
grief,0.5818,rage,0.3061,-0.852,-0.7609999999999999,0.0,0.0,N19615
calmness,0.4939,,,0.9940000000000001,0.493,0.12,0.0,N57164
annoyance,0.997,,,0.0,-0.32899999999999996,0.0,0.0,N64751
terror,0.0848,disgust,0.43939999999999996,0.0,0.0,-0.475,-0.688,N26394
ecstasy,0.5273,delight,0.2924,0.8340000000000001,0.0,0.7565000000000001,0.0,N52474
ecstasy,0.9333,pleasantness,0.3394,0.968,0.23199999999999998,0.442,0.0,N62008
ecstasy,0.5697,delight,0.4939,0.848,0.0,0.823,0.0,N14219
enthusiasm,0.7484999999999999,ecstasy,0.4061,0.794,0.0,0.7795000000000001,0.907,N56979
sadness,0.8667,fear,0.3273,-0.616,-0.32899999999999996,0.0,-0.43799999999999994,N43674
grief,0.5152,,,-0.83,0.0,0.0,0.0,N13705
ecstasy,0.41969999999999996,enthusiasm,0.4061,0.7985,0.32299999999999995,0.447,0.794,N40606
ecstasy,0.44549999999999995,,,0.807,0.0,0.0,0.0,N29287
ecstasy,0.9758,delight,0.33640000000000003,0.982,0.0,0.7709999999999999,0.0,N21476
ecstasy,0.8364,enthusiasm,0.8029999999999999,0.9359999999999999,0.242,0.7055,0.925,N41093
disgust,0.6455,,,0.0,0.0,-0.5429999999999999,0.0,N33415
enthusiasm,0.5121,,,0.0,0.0,0.0,0.8290000000000001,N42317
sadness,0.997,anger,0.5121,-0.659,-0.499,0.0,-0.46,N39276
bliss,0.2,eagerness,0.997,0.0,0.726,0.3935,0.659,N33781
enthusiasm,0.6455,pleasantness,0.12269999999999999,0.0,0.321,0.3705,0.873,N32146
ecstasy,0.5515,enthusiasm,0.4727,0.8420000000000001,0.754,0.0,0.816,N8892
calmness,0.17579999999999998,acceptance,0.37270000000000003,0.0,0.38799999999999996,0.12300000000000001,0.0,N38113
grief,0.8939,loathing,0.6515000000000001,-0.955,-0.49,-0.875,0.0,N27984
